date,groundwater_level,rainfall_mm,temperature_c
2018-01-01,70.94,0.02,15.78
2018-01-02,70.71,0.0,17.83
2018-01-03,70.46,0.01,17.15
2018-01-04,70.19,0.0,17.75
2018-01-05,69.87,0.0,17.33
2018-01-06,69.5,0.01,16.25
2018-01-07,69.09,0.13,17.04
2018-01-08,68.61,1.17,17.2
2018-01-09,68.16,42.66,13.35
2018-01-10,67.75,2.97,12.4
2018-01-11,67.3,0.05,14.68
2018-01-12,66.77,0.0,16.72
2018-01-13,66.28,0.0,17.52
2018-01-14,65.81,0.0,15.92
2018-01-15,65.31,0.0,16.35
2018-01-16,64.82,0.0,16.33
2018-01-17,64.41,0.01,16.65
2018-01-18,64.25,0.0,16.63
2018-01-19,64.28,0.64,12.65
2018-01-20,64.49,0.79,10.16
2018-01-21,64.99,0.0,10.41
2018-01-22,65.57,0.0,10.68
2018-01-23,66.12,0.0,12.83
2018-01-24,66.72,0.0,14.12
2018-01-25,67.32,0.18,11.01
2018-01-26,68.0,0.0,11.38
2018-01-27,68.63,0.0,13.2
2018-01-28,69.21,0.0,16.2
2018-01-29,69.78,0.0,17.49
2018-01-30,70.3,0.0,17.98
2018-01-31,70.79,0.0,18.09
2018-02-01,71.2,0.0,18.04
2018-02-02,71.22,0.0,17.95
2018-02-03,70.89,0.0,19.11
2018-02-04,70.46,0.01,19.17
2018-02-05,69.94,0.04,17.06
2018-02-06,69.49,0.15,15.38
2018-02-07,69.0,0.0,16.6
2018-02-08,68.55,0.08,18.09
2018-02-09,68.41,0.01,15.8
2018-02-10,68.41,0.06,12.5
2018-02-11,68.63,0.12,13.58
2018-02-12,69.0,0.81,11.59
2018-02-13,69.5,0.16,12.4
2018-02-14,70.02,1.71,13.1
2018-02-15,70.46,0.22,14.42
2018-02-16,70.9,0.0,14.69
2018-02-17,71.33,0.0,14.54
2018-02-18,71.73,0.32,13.53
2018-02-19,72.11,0.64,9.55
2018-02-20,72.56,0.0,8.13
2018-02-21,72.99,0.06,7.98
2018-02-22,73.38,0.78,9.03
2018-02-23,73.76,1.36,8.29
2018-02-24,74.14,0.0,8.29
2018-02-25,74.44,0.0,10.74
2018-02-26,74.72,1.06,10.25
2018-02-27,74.92,9.99,8.34
2018-02-28,75.27,0.1,9.07
2018-03-01,75.58,0.0,9.86
2018-03-02,75.78,0.38,11.4
2018-03-03,75.92,3.81,11.82
2018-03-04,76.13,0.38,10.43
2018-03-05,76.31,0.0,12.37
2018-03-06,76.4,0.0,15.49
2018-03-07,76.53,0.0,15.73
2018-03-08,76.66,0.0,15.38
2018-03-09,76.76,0.19,14.96
2018-03-10,76.86,10.71,13.34
2018-03-11,76.97,2.61,14.74
2018-03-12,77.09,0.16,16.17
2018-03-13,77.15,0.53,15.42
2018-03-14,77.23,3.16,13.52
2018-03-15,77.27,3.91,11.38
2018-03-16,77.27,0.23,10.51
2018-03-17,77.25,6.68,10.87
2018-03-18,77.27,0.18,11.35
2018-03-19,77.28,0.0,14.4
2018-03-20,77.31,0.0,15.51
2018-03-21,77.31,0.0,17.59
2018-03-22,77.33,0.81,15.92
2018-03-23,77.42,1.69,14.12
2018-03-24,77.4,0.1,11.41
2018-03-25,77.43,0.08,10.69
2018-03-26,77.42,0.11,11.46
2018-03-27,77.47,0.0,13.67
2018-03-28,77.48,0.0,16.45
2018-03-29,77.47,0.0,17.51
2018-03-30,77.5,0.0,19.37
2018-03-31,77.53,0.0,17.14
2018-04-01,77.52,0.01,14.18
2018-04-02,77.51,0.04,12.47
2018-04-03,77.54,0.05,15.9
2018-04-04,77.58,0.01,14.81
2018-04-05,77.59,0.0,14.3
2018-04-06,77.59,0.01,14.51
2018-04-07,77.59,0.02,16.5
2018-04-08,77.59,0.0,16.73
2018-04-09,77.58,0.0,21.98
2018-04-10,77.59,0.0,22.02
2018-04-11,77.57,0.03,15.91
2018-04-12,77.59,0.1,12.49
2018-04-13,77.63,0.0,15.93
2018-04-14,77.61,0.01,19.03
2018-04-15,77.57,0.0,18.09
2018-04-16,77.61,0.0,12.66
2018-04-17,77.61,0.0,13.17
2018-04-18,77.6,0.0,13.79
2018-04-19,77.63,0.81,10.96
2018-04-20,77.61,0.0,15.02
2018-04-21,77.48,0.0,19.69
2018-04-22,77.31,0.03,20.11
2018-04-23,77.15,0.03,19.88
2018-04-24,77.0,0.0,17.65
2018-04-25,76.88,0.04,16.85
2018-04-26,76.78,0.02,13.09
2018-04-27,76.74,0.04,13.35
2018-04-28,76.73,0.01,13.55
2018-04-29,76.78,0.1,12.9
2018-04-30,76.8,0.41,11.86
2018-05-01,76.85,0.73,11.15
2018-05-02,76.93,0.78,12.08
2018-05-03,77.06,0.03,16.97
2018-05-04,77.1,0.0,21.97
2018-05-05,77.09,0.0,22.77
2018-05-06,77.1,0.0,20.24
2018-05-07,77.2,0.01,17.97
2018-05-08,77.29,0.03,18.25
2018-05-09,77.42,0.1,19.46
2018-05-10,77.56,0.06,16.93
2018-05-11,77.76,0.13,13.49
2018-05-12,78.04,0.11,13.36
2018-05-13,78.34,0.02,14.4
2018-05-14,78.51,0.01,15.49
2018-05-15,78.61,0.0,15.08
2018-05-16,78.78,0.0,14.6
2018-05-17,78.99,0.0,13.57
2018-05-18,79.27,0.0,13.84
2018-05-19,79.63,0.0,15.39
2018-05-20,80.0,0.03,15.04
2018-05-21,80.41,0.04,13.67
2018-05-22,80.83,0.02,14.56
2018-05-23,81.25,0.02,15.26
2018-05-24,81.68,0.05,14.68
2018-05-25,82.1,0.01,14.96
2018-05-26,82.48,0.02,14.72
2018-05-27,82.86,0.03,15.75
2018-05-28,83.21,0.03,18.43
2018-05-29,83.4,0.03,17.97
2018-05-30,83.55,0.02,15.0
2018-05-31,83.74,0.01,15.76
2018-06-01,83.98,0.0,17.05
2018-06-02,84.23,0.0,19.73
2018-06-03,84.49,0.0,21.35
2018-06-04,84.77,0.0,19.96
2018-06-05,85.05,0.0,16.54
2018-06-06,85.33,0.0,16.13
2018-06-07,85.63,0.0,16.3
2018-06-08,85.92,0.0,20.37
2018-06-09,86.18,0.0,20.49
2018-06-10,86.45,0.01,18.77
2018-06-11,86.69,0.01,21.06
2018-06-12,86.88,0.01,21.81
2018-06-13,87.09,0.0,22.7
2018-06-14,87.28,0.0,22.1
2018-06-15,87.47,0.01,20.04
2018-06-16,87.65,0.02,15.08
2018-06-17,87.88,0.03,15.21
2018-06-18,88.13,0.01,16.58
2018-06-19,88.29,0.02,18.9
2018-06-20,88.45,0.01,20.6
2018-06-21,88.62,0.01,19.62
2018-06-22,88.79,0.01,20.04
2018-06-23,88.91,0.01,16.96
2018-06-24,89.12,0.0,17.53
2018-06-25,89.33,0.0,18.63
2018-06-26,89.46,0.0,19.72
2018-06-27,89.6,0.0,20.56
2018-06-28,89.75,0.0,18.06
2018-06-29,89.89,0.0,16.39
2018-06-30,90.06,0.0,18.58
2018-07-01,90.21,0.0,19.43
2018-07-02,90.36,0.0,19.38
2018-07-03,90.49,0.0,19.21
2018-07-04,90.62,0.0,20.25
2018-07-05,90.78,0.01,25.11
2018-07-06,90.88,0.03,31.52
2018-07-07,90.94,0.07,29.86
2018-07-08,91.09,0.97,28.21
2018-07-09,91.25,0.16,26.24
2018-07-10,91.36,0.14,25.89
2018-07-11,91.42,0.63,25.4
2018-07-12,91.54,0.67,24.6
2018-07-13,91.67,0.0,24.72
2018-07-14,91.76,0.0,24.98
2018-07-15,91.86,0.01,24.01
2018-07-16,91.97,0.01,21.84
2018-07-17,92.05,0.3,23.08
2018-07-18,92.08,0.52,21.53
2018-07-19,91.91,0.02,23.67
2018-07-20,91.76,0.06,23.25
2018-07-21,91.69,0.08,22.73
2018-07-22,91.67,0.0,25.07
2018-07-23,91.66,0.0,26.85
2018-07-24,91.73,0.01,27.6
2018-07-25,91.82,0.04,27.17
2018-07-26,91.9,0.03,26.04
2018-07-27,91.97,0.02,25.71
2018-07-28,92.07,0.07,25.57
2018-07-29,92.2,0.0,25.7
2018-07-30,92.33,0.0,27.39
2018-07-31,92.43,0.45,27.05
2018-08-01,92.5,0.31,26.67
2018-08-02,92.54,0.04,25.85
2018-08-03,92.57,0.0,26.34
2018-08-04,92.59,0.0,25.51
2018-08-05,92.64,0.0,25.66
2018-08-06,92.66,0.0,27.34
2018-08-07,92.7,0.0,27.49
2018-08-08,92.8,0.0,27.94
2018-08-09,92.9,1.75,28.75
2018-08-10,93.01,0.03,26.8
2018-08-11,93.1,0.04,25.87
2018-08-12,93.18,0.04,24.08
2018-08-13,93.29,0.01,23.93
2018-08-14,93.33,0.01,22.91
2018-08-15,93.39,1.82,22.95
2018-08-16,93.5,0.9,24.05
2018-08-17,93.62,0.12,24.46
2018-08-18,93.7,0.11,24.42
2018-08-19,93.77,0.0,24.06
2018-08-20,93.82,0.04,22.8
2018-08-21,93.9,0.0,22.57
2018-08-22,93.98,0.0,22.6
2018-08-23,94.04,0.0,22.33
2018-08-24,94.08,0.01,20.66
2018-08-25,94.15,0.01,20.77
2018-08-26,94.25,0.01,20.44
2018-08-27,94.28,0.0,20.26
2018-08-28,94.35,0.0,21.54
2018-08-29,94.4,0.0,23.89
2018-08-30,94.46,0.0,23.75
2018-08-31,94.43,0.0,21.92
2018-09-01,94.41,0.0,18.95
2018-09-02,94.41,0.01,20.81
2018-09-03,94.33,0.02,21.08
2018-09-04,94.2,0.02,21.06
2018-09-05,94.16,0.0,21.19
2018-09-06,94.07,0.01,21.19
2018-09-07,93.94,0.01,22.88
2018-09-08,93.83,0.0,27.1
2018-09-09,93.8,0.0,26.38
2018-09-10,93.72,0.0,21.87
2018-09-11,93.67,0.0,19.99
2018-09-12,93.65,0.0,19.56
2018-09-13,93.66,0.0,22.3
2018-09-14,93.65,0.0,24.47
2018-09-15,93.71,0.0,22.76
2018-09-16,93.8,0.0,22.65
2018-09-17,93.88,0.0,22.79
2018-09-18,93.95,0.0,21.25
2018-09-19,93.83,0.0,19.45
2018-09-20,93.74,0.0,20.13
2018-09-21,93.71,0.0,21.48
2018-09-22,93.7,0.0,22.97
2018-09-23,93.74,0.0,20.09
2018-09-24,93.8,0.01,18.5
2018-09-25,93.88,0.01,19.41
2018-09-26,93.97,0.0,21.29
2018-09-27,94.06,0.01,23.0
2018-09-28,94.14,0.09,21.58
2018-09-29,94.23,0.03,20.63
2018-09-30,94.31,0.83,21.2
2018-10-01,94.34,0.79,25.08
2018-10-02,94.43,0.34,21.78
2018-10-03,94.56,0.56,19.24
2018-10-04,94.64,0.46,18.65
2018-10-05,94.69,0.28,19.1
2018-10-06,94.72,0.41,17.4
2018-10-07,94.79,0.37,18.23
2018-10-08,94.87,0.27,18.08
2018-10-09,94.95,0.17,16.99
2018-10-10,94.97,0.29,16.82
2018-10-11,94.96,0.37,17.01
2018-10-12,94.89,2.53,18.18
2018-10-13,94.84,1.75,16.87
2018-10-14,94.72,0.09,18.01
2018-10-15,94.51,0.0,17.59
2018-10-16,94.26,0.0,17.57
2018-10-17,93.97,0.0,18.06
2018-10-18,93.68,0.0,19.63
2018-10-19,93.35,0.0,20.79
2018-10-20,93.04,0.01,21.84
2018-10-21,92.74,0.01,19.47
2018-10-22,92.41,0.11,18.09
2018-10-23,92.12,0.0,18.97
2018-10-24,91.85,0.01,19.67
2018-10-25,91.59,0.0,20.35
2018-10-26,91.33,0.0,23.49
2018-10-27,91.1,0.01,23.32
2018-10-28,90.86,0.0,22.36
2018-10-29,90.58,0.06,18.2
2018-10-30,90.37,0.13,16.42
2018-10-31,90.18,0.0,18.3
2018-11-01,89.97,0.0,20.04
2018-11-02,89.75,0.0,22.12
2018-11-03,89.56,0.0,22.66
2018-11-04,89.42,0.0,21.04
2018-11-05,89.28,0.01,17.6
2018-11-06,89.28,0.01,16.55
2018-11-07,89.29,0.0,16.7
2018-11-08,89.34,0.0,17.72
2018-11-09,89.45,0.0,17.27
2018-11-10,89.55,0.0,17.04
2018-11-11,89.72,0.0,16.43
2018-11-12,89.97,0.0,14.95
2018-11-13,90.18,0.0,14.94
2018-11-14,90.36,0.0,15.66
2018-11-15,90.51,0.0,16.91
2018-11-16,90.65,0.0,17.36
2018-11-17,90.83,0.0,15.8
2018-11-18,91.04,0.0,16.7
2018-11-19,91.22,0.0,15.4
2018-11-20,91.39,0.0,15.64
2018-11-21,91.64,0.17,15.67
2018-11-22,91.82,1.37,14.83
2018-11-23,92.03,0.18,14.62
2018-11-24,92.11,0.19,15.29
2018-11-25,92.29,0.08,16.38
2018-11-26,92.48,0.02,15.95
2018-11-27,92.61,0.01,16.58
2018-11-28,92.7,1.14,13.76
2018-11-29,92.79,23.54,13.8
2018-11-30,92.9,5.06,13.31
2018-12-01,93.08,0.35,12.85
2018-12-02,93.17,0.25,11.79
2018-12-03,93.35,0.0,11.61
2018-12-04,93.42,0.01,11.73
2018-12-05,93.46,21.96,11.81
2018-12-06,93.48,18.39,13.97
2018-12-07,93.51,1.2,13.62
2018-12-08,93.73,0.0,13.83
2018-12-09,93.85,0.0,14.36
2018-12-10,93.86,0.02,13.8
2018-12-11,93.91,0.13,13.0
2018-12-12,94.01,0.24,12.76
2018-12-13,94.1,0.01,13.85
2018-12-14,94.14,0.0,13.15
2018-12-15,94.15,0.0,14.28
2018-12-16,94.23,0.13,14.32
2018-12-17,94.31,0.15,13.1
2018-12-18,94.37,0.04,13.81
2018-12-19,94.42,0.0,15.19
2018-12-20,94.47,0.01,16.23
2018-12-21,94.5,0.02,13.88
2018-12-22,94.58,0.07,15.24
2018-12-23,94.7,0.19,13.66
2018-12-24,94.73,0.69,14.01
2018-12-25,94.69,10.35,11.67
2018-12-26,94.81,0.01,11.74
2018-12-27,94.81,0.39,10.76
2018-12-28,94.89,0.0,8.3
2018-12-29,95.04,0.0,7.76
2018-12-30,95.01,0.01,9.99
2018-12-31,94.97,3.74,10.32
2019-01-01,95.04,0.02,6.88
2019-01-02,95.15,0.0,7.25
2019-01-03,95.19,0.0,8.42
2019-01-04,95.15,0.0,10.42
2019-01-05,95.15,5.95,10.55
2019-01-06,95.22,6.63,10.8
2019-01-07,95.35,0.01,11.62
2019-01-08,95.36,0.0,12.94
2019-01-09,95.42,0.06,12.93
2019-01-10,95.47,0.28,12.61
2019-01-11,95.5,0.2,12.23
2019-01-12,95.49,10.82,11.33
2019-01-13,95.52,0.01,11.24
2019-01-14,95.5,16.52,11.45
2019-01-15,95.51,3.31,12.2
2019-01-16,95.55,2.7,13.84
2019-01-17,95.58,7.9,13.46
2019-01-18,95.61,0.67,12.9
2019-01-19,95.62,0.0,14.16
2019-01-20,95.59,0.14,14.9
2019-01-21,95.61,0.35,11.52
2019-01-22,95.68,0.0,10.0
2019-01-23,95.75,0.0,10.97
2019-01-24,95.7,0.0,13.01
2019-01-25,95.72,0.0,13.5
2019-01-26,95.77,0.0,14.39
2019-01-27,95.77,0.0,15.05
2019-01-28,95.72,0.0,16.19
2019-01-29,95.68,0.0,14.57
2019-01-30,95.66,0.08,13.57
2019-01-31,95.67,11.58,12.26
2019-02-01,95.66,0.96,12.49
2019-02-02,95.57,30.55,12.8
2019-02-03,95.55,0.47,10.36
2019-02-04,95.57,11.21,11.26
2019-02-05,95.58,6.28,9.35
2019-02-06,95.66,0.16,7.77
2019-02-07,95.71,0.04,8.25
2019-02-08,95.68,0.0,8.66
2019-02-09,95.69,0.32,8.82
2019-02-10,95.73,1.04,9.67
2019-02-11,95.76,0.01,8.88
2019-02-12,95.77,0.0,11.47
2019-02-13,95.72,11.21,11.92
2019-02-14,95.66,50.19,13.56
2019-02-15,95.71,2.21,10.99
2019-02-16,95.72,1.59,10.33
2019-02-17,95.73,6.25,9.48
2019-02-18,95.72,1.14,7.88
2019-02-19,95.8,0.0,7.73
2019-02-20,95.76,4.73,8.24
2019-02-21,95.69,9.78,7.81
2019-02-22,95.7,0.13,7.57
2019-02-23,95.61,0.0,9.23
2019-02-24,95.37,0.06,10.2
2019-02-25,95.13,0.0,12.12
2019-02-26,94.92,0.08,11.74
2019-02-27,94.68,0.12,11.98
2019-02-28,94.45,0.13,13.68
2019-03-01,94.26,0.13,13.8
2019-03-02,94.18,7.52,12.85
2019-03-03,94.15,1.62,12.62
2019-03-04,94.15,0.55,11.32
2019-03-05,94.17,0.06,13.01
2019-03-06,94.21,4.43,13.75
2019-03-07,94.33,1.99,12.25
2019-03-08,94.43,1.01,9.74
2019-03-09,94.55,0.1,9.36
2019-03-10,94.6,0.09,8.83
2019-03-11,94.68,7.1,8.94
2019-03-12,94.68,2.34,11.17
2019-03-13,94.83,0.55,11.63
2019-03-14,95.0,0.0,11.46
2019-03-15,95.1,0.0,12.57
2019-03-16,95.15,0.16,15.09
2019-03-17,95.21,0.16,15.93
2019-03-18,95.29,0.2,15.99
2019-03-19,95.35,0.35,13.78
2019-03-20,95.44,2.97,12.36
2019-03-21,95.46,3.44,11.51
2019-03-22,95.41,0.17,12.17
2019-03-23,95.38,0.19,12.6
2019-03-24,95.4,0.06,14.09
2019-03-25,95.4,0.0,14.84
2019-03-26,95.39,0.03,13.64
2019-03-27,95.41,0.15,12.66
2019-03-28,95.5,0.04,13.35
2019-03-29,95.41,0.03,13.29
2019-03-30,95.26,0.01,16.49
2019-03-31,95.16,0.03,18.73
2019-04-01,95.03,0.0,17.93
2019-04-02,94.93,0.21,14.16
2019-04-03,94.78,0.8,13.39
2019-04-04,94.47,0.23,13.28
2019-04-05,94.19,0.48,13.04
2019-04-06,93.97,0.14,13.63
2019-04-07,93.68,0.02,17.65
2019-04-08,93.37,0.0,21.04
2019-04-09,93.09,0.02,15.97
2019-04-10,92.83,0.0,14.84
2019-04-11,92.45,0.06,14.99
2019-04-12,92.21,0.17,14.38
2019-04-13,91.97,0.0,16.73
2019-04-14,91.68,0.0,17.4
2019-04-15,91.41,0.06,13.81
2019-04-16,91.14,0.4,12.57
2019-04-17,90.87,0.09,16.25
2019-04-18,90.54,0.01,19.87
2019-04-19,90.19,0.01,18.16
2019-04-20,89.95,0.09,13.21
2019-04-21,89.7,0.0,12.31
2019-04-22,89.44,0.05,15.45
2019-04-23,89.23,0.01,18.06
2019-04-24,89.05,0.0,18.99
2019-04-25,88.88,0.0,18.81
2019-04-26,88.68,0.07,16.62
2019-04-27,88.44,0.13,15.01
2019-04-28,88.2,0.38,14.64
2019-04-29,88.01,1.96,13.96
2019-04-30,87.82,0.84,13.26
2019-05-01,87.6,0.09,14.47
2019-05-02,87.35,0.06,14.01
2019-05-03,87.12,0.03,15.37
2019-05-04,86.87,0.02,15.35
2019-05-05,86.7,0.15,14.11
2019-05-06,86.54,1.01,14.54
2019-05-07,86.39,0.65,13.87
2019-05-08,86.16,0.52,14.07
2019-05-09,85.98,0.55,13.84
2019-05-10,85.88,0.58,15.25
2019-05-11,85.76,3.83,16.0
2019-05-12,85.68,0.28,17.53
2019-05-13,85.54,0.11,17.05
2019-05-14,85.37,0.01,17.01
2019-05-15,85.21,0.12,15.08
2019-05-16,85.12,2.52,14.25
2019-05-17,85.0,0.08,13.76
2019-05-18,84.89,0.11,14.64
2019-05-19,84.8,3.86,13.65
2019-05-20,84.73,4.08,13.33
2019-05-21,84.56,2.02,13.08
2019-05-22,84.49,4.0,12.75
2019-05-23,84.47,0.86,13.87
2019-05-24,84.36,0.02,15.27
2019-05-25,84.27,0.07,14.15
2019-05-26,84.24,3.02,13.25
2019-05-27,84.18,1.04,13.01
2019-05-28,84.04,0.06,14.96
2019-05-29,83.93,0.13,17.22
2019-05-30,83.87,0.03,17.6
2019-05-31,83.76,0.01,15.44
2019-06-01,83.66,0.01,14.79
2019-06-02,83.57,0.01,15.53
2019-06-03,83.48,0.02,16.93
2019-06-04,83.41,0.02,18.59
2019-06-05,83.34,0.01,18.15
2019-06-06,83.29,0.01,17.56
2019-06-07,83.22,0.01,15.99
2019-06-08,83.2,0.0,17.91
2019-06-09,83.18,0.08,22.19
2019-06-10,83.13,0.14,24.75
2019-06-11,83.08,0.24,24.75
2019-06-12,82.99,0.1,20.57
2019-06-13,82.97,0.51,17.6
2019-06-14,82.93,0.62,15.63
2019-06-15,82.92,0.0,17.3
2019-06-16,82.89,0.0,16.35
2019-06-17,82.85,0.19,15.7
2019-06-18,82.85,0.0,18.19
2019-06-19,82.81,0.0,17.87
2019-06-20,82.76,0.06,16.15
2019-06-21,82.73,0.11,16.7
2019-06-22,82.73,0.07,18.71
2019-06-23,82.71,0.05,20.56
2019-06-24,82.65,0.06,18.42
2019-06-25,82.62,0.22,16.47
2019-06-26,82.6,0.1,16.32
2019-06-27,82.57,0.04,17.11
2019-06-28,82.53,0.02,18.17
2019-06-29,82.52,0.0,20.2
2019-06-30,82.51,0.0,22.05
2019-07-01,82.44,0.01,21.31
2019-07-02,82.39,0.08,19.44
2019-07-03,82.38,0.24,17.33
2019-07-04,82.37,0.16,17.5
2019-07-05,82.37,0.03,18.59
2019-07-06,82.35,0.05,18.95
2019-07-07,82.36,0.05,17.57
2019-07-08,82.35,0.06,16.56
2019-07-09,82.32,0.01,18.9
2019-07-10,82.28,0.02,21.02
2019-07-11,82.23,0.01,23.04
2019-07-12,82.15,0.01,24.32
2019-07-13,82.16,0.25,24.05
2019-07-14,82.19,0.02,23.73
2019-07-15,82.12,0.0,25.03
2019-07-16,82.1,0.0,23.08
2019-07-17,82.11,0.0,20.35
2019-07-18,82.1,0.0,20.09
2019-07-19,82.09,0.01,19.04
2019-07-20,82.12,0.02,19.18
2019-07-21,82.16,0.01,21.78
2019-07-22,82.25,0.17,23.3
2019-07-23,82.36,1.48,26.13
2019-07-24,82.48,0.99,26.66
2019-07-25,82.62,0.53,27.36
2019-07-26,82.78,0.0,26.68
2019-07-27,82.95,0.0,26.71
2019-07-28,83.09,0.03,24.23
2019-07-29,83.22,0.16,22.41
2019-07-30,83.37,0.75,22.99
2019-07-31,83.51,0.35,21.82
2019-08-01,83.68,0.15,23.66
2019-08-02,83.81,0.13,24.73
2019-08-03,83.99,0.03,25.05
2019-08-04,84.19,0.0,24.88
2019-08-05,84.44,0.0,25.1
2019-08-06,84.69,0.16,25.17
2019-08-07,84.97,0.22,22.89
2019-08-08,85.26,0.03,22.44
2019-08-09,85.55,0.0,21.81
2019-08-10,85.85,0.0,20.4
2019-08-11,86.19,0.0,20.74
2019-08-12,86.51,0.0,21.15
2019-08-13,86.81,0.0,23.83
2019-08-14,86.91,0.0,26.24
2019-08-15,87.23,0.0,25.65
2019-08-16,87.55,0.0,23.12
2019-08-17,87.9,0.0,18.73
2019-08-18,88.2,0.0,19.18
2019-08-19,88.52,0.0,20.51
2019-08-20,88.78,0.0,22.99
2019-08-21,89.04,0.0,23.8
2019-08-22,89.26,0.0,21.3
2019-08-23,89.55,0.02,21.15
2019-08-24,89.83,0.02,23.78
2019-08-25,90.1,0.0,26.14
2019-08-26,90.31,0.0,26.0
2019-08-27,90.52,0.1,23.6
2019-08-28,90.76,0.08,21.8
2019-08-29,91.0,0.0,23.42
2019-08-30,91.18,0.0,24.66
2019-08-31,91.34,0.0,25.29
2019-09-01,91.48,0.08,25.96
2019-09-02,91.68,1.34,26.55
2019-09-03,91.86,0.01,27.04
2019-09-04,92.0,2.11,28.14
2019-09-05,92.18,0.26,27.29
2019-09-06,92.4,0.01,25.79
2019-09-07,92.56,0.01,24.39
2019-09-08,92.72,0.0,18.81
2019-09-09,92.87,0.0,19.07
2019-09-10,93.03,0.0,18.34
2019-09-11,93.19,0.0,19.38
2019-09-12,93.37,0.0,23.72
2019-09-13,93.48,0.03,26.69
2019-09-14,93.62,0.02,26.93
2019-09-15,93.74,0.0,25.36
2019-09-16,93.89,0.0,22.99
2019-09-17,94.02,0.02,21.03
2019-09-18,94.13,0.0,19.28
2019-09-19,94.26,0.0,18.37
2019-09-20,94.36,0.0,19.71
2019-09-21,94.48,0.0,22.09
2019-09-22,94.59,0.0,23.16
2019-09-23,94.73,0.0,20.89
2019-09-24,94.8,0.0,23.43
2019-09-25,94.91,4.37,22.49
2019-09-26,95.05,0.43,20.09
2019-09-27,95.14,0.34,19.07
2019-09-28,95.18,0.7,18.45
2019-09-29,95.29,0.03,15.67
2019-09-30,95.37,0.0,15.68
2019-10-01,95.44,0.0,15.94
2019-10-02,95.53,0.0,18.25
2019-10-03,95.57,0.0,17.7
2019-10-04,95.49,0.0,18.16
2019-10-05,95.22,0.0,19.98
2019-10-06,94.95,0.0,21.76
2019-10-07,94.62,0.0,23.05
2019-10-08,94.31,0.0,21.01
2019-10-09,94.01,0.01,16.71
2019-10-10,93.72,0.01,17.94
2019-10-11,93.38,0.0,19.5
2019-10-12,93.06,0.0,19.82
2019-10-13,92.76,0.14,16.77
2019-10-14,92.47,0.06,15.81
2019-10-15,92.15,0.03,20.19
2019-10-16,91.78,0.02,21.68
2019-10-17,91.4,0.09,17.25
2019-10-18,90.99,0.0,18.36
2019-10-19,90.6,0.0,19.08
2019-10-20,90.28,0.0,19.92
2019-10-21,90.0,0.0,23.0
2019-10-22,89.68,0.0,24.66
2019-10-23,89.37,0.0,24.23
2019-10-24,89.15,0.0,23.45
2019-10-25,88.92,0.0,22.51
2019-10-26,88.64,0.0,21.06
2019-10-27,88.5,0.04,15.73
2019-10-28,88.33,0.0,15.7
2019-10-29,88.14,0.0,15.2
2019-10-30,88.01,0.0,13.76
2019-10-31,87.81,0.0,15.3
2019-11-01,87.62,0.0,16.93
2019-11-02,87.44,0.0,19.33
2019-11-03,87.28,0.0,18.98
2019-11-04,87.1,0.0,19.82
2019-11-05,86.96,0.0,19.07
2019-11-06,86.82,0.0,17.71
2019-11-07,86.71,0.0,19.25
2019-11-08,86.57,0.0,21.5
2019-11-09,86.4,0.0,21.83
2019-11-10,86.27,0.02,18.34
2019-11-11,86.14,0.01,17.56
2019-11-12,85.99,0.0,19.66
2019-11-13,85.84,0.0,18.64
2019-11-14,85.72,0.0,17.51
2019-11-15,85.52,0.0,15.92
2019-11-16,85.36,0.0,19.04
2019-11-17,85.2,0.0,21.3
2019-11-18,85.02,0.0,21.52
2019-11-19,84.82,17.17,18.06
2019-11-20,84.7,27.99,12.95
2019-11-21,84.62,4.92,12.54
2019-11-22,84.35,0.02,13.47
2019-11-23,83.9,0.0,14.58
2019-11-24,83.49,0.02,15.59
2019-11-25,83.11,0.19,13.46
2019-11-26,82.81,0.01,12.12
2019-11-27,82.27,3.97,11.63
2019-11-28,81.63,36.16,10.65
2019-11-29,81.46,7.51,9.53
2019-11-30,81.17,0.5,10.47
2019-12-01,80.96,0.0,11.65
2019-12-02,80.79,0.0,14.19
2019-12-03,80.63,3.32,14.02
2019-12-04,80.45,29.35,13.44
2019-12-05,80.39,0.18,13.67
2019-12-06,80.36,0.71,14.79
2019-12-07,80.29,3.93,14.81
2019-12-08,80.23,4.11,13.77
2019-12-09,80.18,0.99,12.61
2019-12-10,80.2,0.01,13.09
2019-12-11,80.15,0.0,13.06
2019-12-12,80.12,0.0,14.8
2019-12-13,80.04,0.01,15.05
2019-12-14,79.94,0.04,13.32
2019-12-15,79.91,0.0,11.39
2019-12-16,79.89,0.0,10.02
2019-12-17,79.81,0.0,9.42
2019-12-18,79.69,0.0,9.69
2019-12-19,79.67,0.0,10.21
2019-12-20,79.65,0.0,12.23
2019-12-21,79.61,0.0,13.7
2019-12-22,79.56,0.09,13.02
2019-12-23,79.46,27.76,12.07
2019-12-24,79.4,2.52,10.71
2019-12-25,79.42,2.51,9.58
2019-12-26,79.26,29.18,9.18
2019-12-27,79.27,0.02,9.27
2019-12-28,79.34,0.0,9.3
2019-12-29,79.32,0.01,8.61
2019-12-30,79.22,0.05,8.56
2019-12-31,79.18,0.0,11.07
2020-01-01,79.13,0.0,11.42
2020-01-02,79.06,0.0,12.27
2020-01-03,79.14,0.0,13.14
2020-01-04,79.14,0.0,13.53
2020-01-05,79.07,0.01,13.25
2020-01-06,79.02,0.0,13.4
2020-01-07,78.92,0.01,13.12
2020-01-08,78.87,0.13,10.81
2020-01-09,78.83,1.34,10.55
2020-01-10,78.89,0.01,10.52
2020-01-11,78.86,0.23,10.12
2020-01-12,78.8,0.06,10.43
2020-01-13,78.78,0.04,10.6
2020-01-14,78.74,0.03,10.23
2020-01-15,78.64,0.03,11.81
2020-01-16,78.65,0.54,9.89
2020-01-17,78.67,2.01,10.65
2020-01-18,78.61,0.0,11.41
2020-01-19,78.55,0.0,13.35
2020-01-20,78.49,1.88,13.11
2020-01-21,78.5,1.5,11.24
2020-01-22,78.51,0.05,12.29
2020-01-23,78.46,0.0,13.88
2020-01-24,78.43,0.04,15.61
2020-01-25,78.44,0.01,14.64
2020-01-26,78.48,0.0,11.03
2020-01-27,78.5,0.0,13.1
2020-01-28,78.41,0.0,14.38
2020-01-29,78.38,0.0,12.93
2020-01-30,78.43,0.0,13.78
2020-01-31,78.5,0.0,14.94
2020-02-01,78.52,0.0,15.37
2020-02-02,78.49,0.03,13.66
2020-02-03,78.45,0.05,10.5
2020-02-04,78.53,0.0,6.95
2020-02-05,78.63,0.0,8.69
2020-02-06,78.63,0.01,10.74
2020-02-07,78.61,0.0,13.31
2020-02-08,78.58,0.11,13.06
2020-02-09,78.55,2.76,9.98
2020-02-10,78.53,13.71,9.01
2020-02-11,78.59,0.01,11.01
2020-02-12,78.54,0.0,11.31
2020-02-13,78.49,0.0,12.3
2020-02-14,78.44,0.0,13.0
2020-02-15,78.44,0.0,13.33
2020-02-16,78.41,0.0,13.55
2020-02-17,78.35,0.0,13.88
2020-02-18,78.35,0.13,13.64
2020-02-19,78.39,0.04,13.45
2020-02-20,78.44,0.0,15.5
2020-02-21,78.44,0.05,15.54
2020-02-22,78.47,3.78,11.83
2020-02-23,78.59,1.07,12.15
2020-02-24,78.6,0.14,14.56
2020-02-25,78.63,0.0,15.97
2020-02-26,78.68,0.0,13.93
2020-02-27,78.7,0.0,16.4
2020-02-28,78.72,0.01,16.82
2020-02-29,78.75,0.49,12.64
2020-03-01,78.79,0.91,10.41
2020-03-02,78.78,4.66,10.45
2020-03-03,78.88,0.01,14.6
2020-03-04,79.01,0.0,14.51
2020-03-05,79.08,0.0,16.63
2020-03-06,79.08,0.06,14.6
2020-03-07,79.12,0.45,12.12
2020-03-08,79.17,0.5,12.15
2020-03-09,79.26,11.09,13.82
2020-03-10,79.26,16.06,15.07
2020-03-11,79.26,1.33,14.72
2020-03-12,79.23,12.89,12.93
2020-03-13,79.24,9.54,12.42
2020-03-14,79.32,1.17,12.89
2020-03-15,79.35,0.99,12.67
2020-03-16,79.32,3.08,11.91
2020-03-17,79.29,3.96,10.88
2020-03-18,79.22,11.88,9.28
2020-03-19,79.3,3.96,10.63
2020-03-20,79.32,0.58,11.28
2020-03-21,78.98,0.11,12.74
2020-03-22,78.29,5.46,13.53
2020-03-23,77.45,2.87,12.87
2020-03-24,76.53,0.12,12.35
2020-03-25,75.75,2.06,11.37
2020-03-26,75.27,3.9,10.19
2020-03-27,75.0,3.88,10.4
2020-03-28,74.79,0.05,11.35
2020-03-29,74.74,0.05,12.07
2020-03-30,74.73,0.07,14.76
2020-03-31,74.65,0.0,16.4
2020-04-01,74.64,0.16,14.76
2020-04-02,74.72,0.14,12.38
2020-04-03,74.84,0.04,12.53
2020-04-04,74.92,0.04,12.01
2020-04-05,75.03,0.81,11.82
2020-04-06,75.16,8.09,12.78
2020-04-07,75.23,8.92,12.83
2020-04-08,75.32,11.88,10.13
2020-04-09,75.45,8.86,11.18
2020-04-10,75.33,24.98,10.73
2020-04-11,75.38,0.29,13.14
2020-04-12,75.54,0.52,12.27
2020-04-13,75.72,0.54,12.54
2020-04-14,75.9,0.05,15.85
2020-04-15,76.11,0.01,17.72
2020-04-16,76.3,0.01,15.54
2020-04-17,76.55,1.29,12.91
2020-04-18,76.86,1.99,12.76
2020-04-19,77.17,1.04,13.26
2020-04-20,77.45,1.07,13.74
2020-04-21,77.76,0.05,14.6
2020-04-22,78.02,0.01,18.73
2020-04-23,78.24,0.0,19.99
2020-04-24,78.48,0.0,23.87
2020-04-25,78.72,0.0,23.49
2020-04-26,79.0,0.0,21.87
2020-04-27,79.27,0.01,18.38
2020-04-28,79.55,0.01,20.19
2020-04-29,79.81,0.03,19.41
2020-04-30,80.06,0.0,17.42
2020-05-01,80.29,0.0,17.39
2020-05-02,80.57,0.0,17.54
2020-05-03,80.85,0.0,17.14
2020-05-04,81.05,0.0,19.35
2020-05-05,81.22,0.0,22.42
2020-05-06,81.44,0.03,23.61
2020-05-07,81.68,0.0,22.11
2020-05-08,81.94,0.0,20.99
2020-05-09,82.28,0.0,19.57
2020-05-10,82.61,0.02,17.44
2020-05-11,82.96,0.05,15.91
2020-05-12,83.28,0.35,16.02
2020-05-13,83.6,0.23,15.22
2020-05-14,83.94,0.05,16.48
2020-05-15,84.25,0.14,17.28
2020-05-16,84.55,0.06,18.9
2020-05-17,84.83,0.05,17.44
2020-05-18,85.19,0.46,16.91
2020-05-19,85.48,0.03,14.79
2020-05-20,85.8,0.01,16.35
2020-05-21,86.06,0.0,18.28
2020-05-22,86.34,0.01,16.47
2020-05-23,86.62,0.0,15.63
2020-05-24,86.92,0.01,18.35
2020-05-25,87.18,0.01,20.96
2020-05-26,87.45,0.0,22.4
2020-05-27,87.7,0.0,21.79
2020-05-28,87.98,0.0,19.37
2020-05-29,88.24,0.0,16.96
2020-05-30,88.55,0.04,17.0
2020-05-31,88.81,0.0,17.97
2020-06-01,89.05,0.0,20.52
2020-06-02,89.28,0.05,20.01
2020-06-03,89.48,0.05,23.27
2020-06-04,89.66,0.4,18.53
2020-06-05,89.87,0.17,16.85
2020-06-06,90.1,0.49,16.82
2020-06-07,90.31,0.07,16.61
2020-06-08,90.5,0.0,19.88
2020-06-09,90.69,5.6,22.96
2020-06-10,90.84,67.25,23.62
2020-06-11,91.03,37.21,21.85
2020-06-12,91.24,102.84,17.11
2020-06-13,91.39,36.26,16.66
2020-06-14,91.49,9.99,17.26
2020-06-15,91.64,0.0,18.1
2020-06-16,91.77,0.0,16.41
2020-06-17,91.84,0.0,16.31
2020-06-18,91.81,0.0,16.01
2020-06-19,91.83,0.01,16.41
2020-06-20,91.89,0.24,16.64
2020-06-21,91.9,0.2,17.28
2020-06-22,91.96,0.13,19.41
2020-06-23,92.06,0.11,19.6
2020-06-24,92.26,0.1,17.92
2020-06-25,92.41,0.02,17.96
2020-06-26,92.41,0.0,19.68
2020-06-27,92.39,0.02,18.67
2020-06-28,92.38,0.22,16.79
2020-06-29,92.41,0.21,16.18
2020-06-30,92.46,0.05,18.42
2020-07-01,92.52,0.0,17.74
2020-07-02,92.65,0.0,18.43
2020-07-03,92.77,0.0,21.7
2020-07-04,92.91,0.0,22.85
2020-07-05,93.01,0.0,23.78
2020-07-06,93.11,0.0,23.55
2020-07-07,93.23,0.0,22.37
2020-07-08,93.35,0.0,20.5
2020-07-09,93.49,0.0,20.74
2020-07-10,93.65,0.0,24.01
2020-07-11,93.81,0.0,25.95
2020-07-12,93.9,0.0,26.16
2020-07-15,94.13,0.0,19.72
2020-07-16,94.19,0.0,19.63
2020-07-17,94.27,0.0,19.89
2020-07-18,94.35,0.0,21.75
2020-07-19,94.43,0.0,22.71
2020-07-20,94.46,0.0,20.28
2020-07-21,94.53,0.0,19.19
2020-07-22,94.59,0.0,18.33
2020-07-23,94.66,0.0,17.15
2020-07-24,94.68,0.0,18.21
2020-07-25,94.65,0.0,19.79
2020-07-26,94.65,0.0,21.85
2020-07-27,94.65,0.0,20.79
2020-07-28,94.66,0.0,19.86
2020-07-29,94.71,0.0,21.22
2020-07-30,94.74,0.0,25.02
2020-07-31,94.76,0.0,27.12
2020-08-01,94.81,0.0,25.91
2020-08-02,94.82,0.0,22.63
2020-08-03,94.81,0.0,23.56
2020-08-04,94.82,0.0,21.65
2020-08-05,94.83,0.0,19.13
2020-08-06,94.83,0.0,18.32
2020-08-07,94.85,0.0,19.51
2020-08-08,94.81,0.0,20.77
2020-08-09,94.73,0.01,21.42
2020-08-10,94.6,0.0,21.14
2020-08-11,94.43,0.0,22.49
2020-08-12,94.26,0.0,24.57
2020-08-13,94.05,0.0,26.17
2020-08-14,93.84,0.0,27.78
2020-08-15,93.63,0.01,27.57
2020-08-16,93.48,0.01,25.56
2020-08-17,93.29,0.0,27.09
2020-08-18,93.12,0.01,29.09
2020-08-19,92.94,0.02,27.92
2020-08-20,92.76,0.06,26.53
2020-08-21,92.65,0.09,26.5
2020-08-22,92.59,0.01,26.21
2020-08-23,92.55,0.0,25.05
2020-08-24,92.48,0.01,24.97
2020-08-25,92.42,0.0,25.19
2020-08-26,92.37,0.0,25.56
2020-08-27,92.35,0.0,26.95
2020-08-28,92.45,0.0,24.9
2020-08-29,92.52,0.0,22.6
2020-08-30,92.61,0.0,20.6
2020-08-31,92.71,0.01,20.33
2020-09-01,92.83,0.0,20.28
2020-09-02,92.98,0.0,21.61
2020-09-03,93.1,0.0,23.09
2020-09-04,93.18,0.0,26.4
2020-09-05,93.26,0.0,31.8
2020-09-06,93.29,0.0,31.42
2020-09-07,93.24,0.0,25.43
2020-09-08,93.21,0.01,22.67
2020-09-09,93.24,0.0,23.92
2020-09-10,93.28,0.0,24.95
2020-09-11,93.27,0.0,25.0
2020-09-12,93.25,0.0,23.97
2020-09-13,93.3,0.0,23.3
2020-09-14,93.3,0.0,24.23
2020-09-15,93.3,0.0,25.87
2020-09-16,93.28,0.0,25.89
2020-09-17,93.29,0.0,26.68
2020-09-18,93.29,0.0,27.52
2020-09-19,93.3,0.0,24.65
2020-09-20,93.32,0.0,21.64
2020-09-21,93.36,0.0,22.04
2020-09-22,93.39,0.0,22.62
2020-09-23,93.42,0.0,22.8
2020-09-24,93.42,0.0,22.67
2020-09-25,93.47,0.0,20.39
2020-09-26,93.5,0.0,19.94
2020-09-27,93.54,0.0,21.66
2020-09-28,93.6,0.0,24.48
2020-09-29,93.64,0.0,28.16
2020-09-30,93.68,0.0,29.66
2020-10-01,93.72,0.0,27.59
2020-10-02,93.75,0.01,26.91
2020-10-03,93.78,0.0,25.9
2020-10-04,93.84,0.0,25.52
2020-10-05,93.87,0.0,26.25
2020-10-06,93.83,0.0,24.26
2020-10-07,93.76,0.01,21.27
2020-10-08,93.71,0.0,17.47
2020-10-09,93.59,0.0,17.92
2020-10-10,93.43,0.01,18.3
2020-10-11,93.26,0.08,19.66
2020-10-12,93.08,0.0,24.48
2020-10-13,92.96,0.0,26.86
2020-10-14,92.9,0.0,25.26
2020-10-15,92.85,0.0,26.01
2020-10-16,92.8,0.01,26.17
2020-10-17,92.82,0.0,23.53
2020-10-18,92.83,0.0,21.19
2020-10-19,92.81,0.0,19.99
2020-10-20,92.79,0.0,19.03
2020-10-21,92.8,0.0,18.23
2020-10-22,92.87,0.02,15.96
2020-10-23,92.94,0.04,16.44
2020-10-24,93.0,0.05,15.69
2020-10-25,93.03,1.04,15.68
2020-10-26,93.1,0.09,14.7
2020-10-27,93.15,0.0,16.03
2020-10-28,93.19,0.0,17.98
2020-10-29,93.21,0.0,19.43
2020-10-30,93.16,0.0,20.51
2020-10-31,93.13,0.0,21.16
2020-11-01,93.11,0.04,21.91
2020-11-02,93.0,0.11,19.39
2020-11-03,92.91,0.0,17.79
2020-11-04,92.82,0.02,22.09
2020-11-05,92.65,0.1,23.57
2020-11-06,92.51,1.08,17.51
2020-11-07,92.45,5.9,12.57
2020-11-08,92.43,7.02,11.99
2020-11-09,92.45,1.04,11.36
2020-11-10,92.38,0.0,11.87
2020-11-11,92.32,0.0,13.69
2020-11-12,92.31,0.0,13.94
2020-11-13,92.31,0.0,13.16
2020-11-14,92.3,0.0,15.0
2020-11-15,92.28,0.0,17.85
2020-11-16,92.22,0.0,19.24
2020-11-17,92.2,0.21,17.88
2020-11-18,92.22,0.0,14.09
2020-11-19,92.17,0.0,15.69
2020-11-20,92.08,0.0,18.01
2020-11-21,91.99,0.0,18.59
2020-11-22,91.87,0.0,15.86
2020-11-23,91.77,0.0,12.84
2020-11-24,91.72,0.0,13.87
2020-11-25,91.61,0.0,13.11
2020-11-26,91.49,0.0,13.18
2020-11-27,91.41,0.0,11.99
2020-11-28,91.24,0.0,12.87
2020-11-29,91.07,0.0,14.21
2020-11-30,90.82,0.0,15.97
2020-12-01,90.52,0.0,16.05
2020-12-02,90.27,0.0,15.4
2020-12-03,90.08,0.0,12.54
2020-12-04,89.85,0.0,13.03
2020-12-05,89.68,0.0,13.24
2020-12-06,89.48,0.0,15.14
2020-12-07,89.3,0.0,15.33
2020-12-08,89.18,0.0,16.46
2020-12-09,89.06,0.0,15.32
2020-12-10,88.98,0.01,12.65
2020-12-11,88.83,0.0,10.82
2020-12-12,88.64,0.2,10.59
2020-12-13,88.57,0.0,12.05
2020-12-14,88.45,0.29,11.15
2020-12-15,88.39,0.0,11.59
2020-12-16,88.27,0.0,12.84
2020-12-17,88.18,0.31,11.56
2020-12-18,88.17,0.01,12.31
2020-12-19,88.16,0.01,12.76
2020-12-20,88.07,0.0,15.41
2020-12-21,87.97,0.09,15.76
2020-12-22,87.97,0.08,13.13
2020-12-23,87.97,0.08,13.0
2020-12-24,87.94,0.1,13.02
2020-12-25,87.9,0.0,14.46
2020-12-26,87.84,0.02,14.32
2020-12-27,87.76,1.47,11.41
2020-12-28,87.69,12.89,10.54
2020-12-29,87.65,1.29,10.45
2020-12-30,87.56,0.01,11.26
2020-12-31,87.39,0.2,10.28
2021-01-01,87.37,0.0,11.51
2021-01-02,87.37,0.0,11.87
2021-01-03,87.29,0.0,10.95
2021-01-04,87.22,0.0,10.86
2021-01-05,87.17,0.02,12.26
2021-01-06,87.13,0.01,13.26
2021-01-07,87.06,0.02,14.72
2021-01-08,87.01,0.04,14.51
2021-01-09,86.96,0.02,13.15
2021-01-10,86.96,0.0,12.23
2021-01-11,86.92,0.0,11.83
2021-01-12,86.91,0.0,12.64
2021-01-13,86.82,0.0,14.45
2021-01-14,86.71,0.0,18.06
2021-01-15,86.62,0.0,18.26
2021-01-16,86.53,0.04,19.99
2021-01-17,86.53,0.01,18.64
2021-01-18,86.43,0.02,16.72
2021-01-19,86.4,0.59,13.27
2021-01-20,86.47,2.28,13.16
2021-01-21,86.51,0.59,13.76
2021-01-22,86.51,1.06,11.78
2021-01-23,86.47,5.86,9.8
2021-01-24,86.43,4.11,8.94
2021-01-25,86.39,11.63,8.3
2021-01-26,86.42,2.14,7.77
2021-01-27,86.52,0.0,8.71
2021-01-28,86.43,2.02,10.73
2021-01-29,86.38,15.66,10.08
2021-01-30,86.48,0.38,10.8
2021-01-31,86.49,0.0,12.56
2021-02-01,86.48,0.81,14.78
2021-02-02,86.49,0.02,16.02
2021-02-03,86.51,0.01,13.7
2021-02-04,86.51,0.01,12.15
2021-02-05,86.47,0.01,12.73
2021-02-06,86.43,0.0,15.27
2021-02-07,86.39,0.01,14.48
2021-02-08,86.39,0.03,11.55
2021-02-09,86.37,0.05,9.85
2021-02-10,86.25,0.05,10.54
2021-02-11,86.09,0.04,12.74
2021-02-12,85.99,1.48,11.39
2021-02-13,85.92,0.19,11.18
2021-02-14,85.91,0.01,11.74
2021-02-15,85.93,0.39,11.22
2021-02-16,85.91,0.88,11.78
2021-02-17,85.89,0.08,11.86
2021-02-18,85.92,0.0,10.93
2021-02-19,85.82,0.0,13.66
2021-02-20,85.78,0.01,11.64
2021-02-21,85.66,0.0,12.39
2021-02-22,85.34,0.0,14.73
2021-02-23,84.96,0.0,15.84
2021-02-24,84.6,0.01,13.9
2021-02-25,84.22,0.0,12.54
2021-02-26,83.88,0.0,13.65
2021-02-27,83.62,0.0,12.08
2021-02-28,83.39,0.0,11.86
2021-03-01,83.01,0.0,12.55
2021-03-02,82.61,0.0,12.86
2021-03-03,82.42,14.31,10.6
2021-03-04,82.3,0.75,13.13
2021-03-05,82.12,0.0,14.99
2021-03-06,81.99,0.11,12.69
2021-03-07,81.87,0.54,11.16
2021-03-08,81.74,0.19,11.47
2021-03-09,81.58,0.41,10.46
2021-03-10,81.37,10.51,9.85
2021-03-11,81.21,5.64,8.51
2021-03-12,81.09,1.59,8.28
2021-03-13,80.97,1.04,9.75
2021-03-14,80.76,0.17,10.08
2021-03-15,80.54,4.23,9.37
2021-03-16,80.43,0.36,9.23
2021-03-17,80.28,0.0,11.04
2021-03-18,80.14,0.03,12.25
2021-03-19,80.0,0.07,14.34
2021-03-20,79.85,0.2,12.62
2021-03-21,79.76,0.01,10.85
2021-03-22,79.6,0.01,12.19
2021-03-23,79.46,0.84,11.19
2021-03-24,79.36,0.01,12.39
2021-03-25,79.23,3.26,10.12
2021-03-26,79.18,1.2,10.98
2021-03-27,79.15,0.0,15.04
2021-03-28,79.0,0.0,19.13
2021-03-29,78.83,0.0,16.56
2021-03-30,78.78,0.01,15.07
2021-03-31,78.68,0.0,18.55
2021-04-01,78.59,0.0,18.75
2021-04-02,78.58,0.01,15.23
2021-04-03,78.55,0.0,15.99
2021-04-04,78.48,0.0,16.73
2021-04-05,78.39,0.09,14.21
2021-04-06,78.34,0.31,14.51
2021-04-07,78.29,0.01,16.97
2021-04-08,78.2,0.05,15.37
2021-04-09,78.12,0.21,15.89
2021-04-10,78.07,0.21,15.36
2021-04-11,78.01,0.03,13.21
2021-04-12,77.98,0.07,13.31
2021-04-13,77.96,0.12,11.72
2021-04-14,77.96,0.01,11.41
2021-04-15,77.94,0.0,11.88
2021-04-16,77.93,0.0,13.59
2021-04-17,77.94,0.02,15.11
2021-04-18,77.96,0.0,18.5
2021-04-19,78.06,0.0,19.59
2021-04-20,78.18,0.03,14.18
2021-04-21,78.34,0.19,12.31
2021-04-22,78.57,0.4,12.6
2021-04-23,78.83,0.18,12.85
2021-04-24,79.09,0.02,13.34
2021-04-25,79.33,0.04,13.22
2021-04-26,79.56,2.02,11.59
2021-04-27,79.81,0.23,12.1
2021-04-28,80.08,0.01,16.38
2021-04-29,80.3,0.0,21.86
2021-04-30,80.49,0.0,23.39
2021-05-01,80.66,0.05,16.62
2021-05-02,80.79,0.13,12.96
2021-05-03,80.94,0.11,16.65
2021-05-04,81.13,0.02,19.41
2021-05-05,81.28,0.01,20.51
2021-05-06,81.48,0.0,16.48
2021-05-07,81.64,0.0,14.51
2021-05-08,81.77,0.0,14.87
2021-05-09,81.95,0.0,14.67
2021-05-10,82.12,0.01,14.14
2021-05-11,82.26,0.0,17.33
2021-05-12,82.4,0.0,17.61
2021-05-13,82.55,0.0,16.18
2021-05-14,82.65,0.0,14.8
2021-05-15,82.77,0.02,13.59
2021-05-16,82.92,0.2,13.66
2021-05-17,83.05,0.2,14.67
2021-05-18,83.16,0.1,16.55
2021-05-19,83.22,0.04,15.74
2021-05-20,83.33,0.03,13.67
2021-05-21,83.49,0.0,13.5
2021-05-22,83.7,0.01,12.68
2021-05-23,83.88,0.01,16.44
2021-05-24,83.96,0.03,20.74
2021-05-25,84.01,0.04,21.7
2021-05-26,84.01,0.03,17.69
2021-05-27,83.83,0.03,15.02
2021-05-28,83.58,0.03,16.36
2021-05-29,83.36,0.07,14.04
2021-05-30,83.17,0.06,15.8
2021-05-31,82.99,0.01,18.76
2021-06-01,82.76,0.01,21.08
2021-06-02,82.57,0.01,20.26
2021-06-03,82.4,0.01,19.26
2021-06-04,82.24,0.02,18.45
2021-06-05,82.06,0.03,17.08
2021-06-06,81.91,0.07,15.38
2021-06-07,81.74,0.11,14.17
2021-06-08,81.64,0.09,16.05
2021-06-09,81.52,0.0,16.02
2021-06-10,81.36,0.0,16.67
2021-06-11,81.24,0.0,17.89
2021-06-12,81.16,0.0,20.01
2021-06-13,81.14,0.0,20.41
2021-06-14,81.06,0.0,23.59
2021-06-15,81.03,0.03,24.33
2021-06-16,80.99,0.01,23.85
2021-06-17,80.95,0.01,23.81
2021-06-18,80.91,0.03,21.54
2021-06-19,80.87,0.0,21.53
2021-06-20,80.87,0.05,22.27
2021-06-21,80.85,0.04,21.48
2021-06-22,80.78,0.03,21.97
2021-06-23,80.8,0.1,22.01
2021-06-24,80.78,0.05,18.58
2021-06-25,80.79,0.0,20.73
2021-06-26,80.8,0.0,22.76
2021-06-27,80.84,0.0,25.3
2021-06-28,80.89,0.0,24.18
2021-06-29,80.93,0.03,23.17
2021-06-30,81.04,0.02,22.75
2021-07-01,81.08,0.02,22.82
2021-07-02,81.02,0.0,23.91
2021-07-03,80.97,0.01,23.31
2021-07-04,80.94,0.0,22.37
2021-07-05,80.9,0.0,22.83
2021-07-06,80.87,0.0,22.06
2021-07-07,80.83,0.01,23.1
2021-07-08,80.87,0.0,24.61
2021-07-09,80.93,0.01,25.82
2021-07-10,80.98,0.0,24.51
2021-07-11,81.0,0.0,23.24
2021-07-12,81.03,0.01,22.3
2021-07-13,81.05,0.0,23.54
2021-07-14,81.07,0.0,23.23
2021-07-15,81.1,0.01,23.19
2021-07-16,81.08,0.01,22.88
2021-07-17,81.05,0.18,23.99
2021-07-18,81.0,0.47,26.03
2021-07-19,80.92,0.04,25.41
2021-07-20,80.8,0.0,25.76
2021-07-21,80.68,0.07,25.19
2021-07-22,80.65,0.05,23.38
2021-07-23,80.62,0.03,22.63
2021-07-24,80.57,0.04,21.96
2021-07-25,80.53,0.85,20.52
2021-07-26,80.47,4.52,22.38
2021-07-27,80.42,0.01,23.56
2021-07-28,80.33,0.0,24.41
2021-07-29,80.21,0.01,25.16
2021-07-30,80.14,0.01,25.03
2021-07-31,80.06,0.07,24.96
2021-08-01,79.97,0.03,25.13
2021-08-02,79.85,0.0,25.85
2021-08-03,79.71,0.0,25.87
2021-08-04,79.6,0.0,25.4
2021-08-05,79.53,0.0,24.15
2021-08-06,79.45,0.0,21.09
2021-08-07,79.38,0.0,20.45
2021-08-08,79.34,0.01,21.31
2021-08-09,79.3,0.01,23.0
2021-08-10,79.28,1.61,25.83
2021-08-11,79.26,1.33,25.81
2021-08-12,79.27,0.0,26.05
2021-08-13,79.29,0.0,24.8
2021-08-14,79.28,0.04,24.72
2021-08-15,79.23,0.01,25.21
2021-08-16,79.18,0.0,24.88
2021-08-17,79.19,0.0,22.87
2021-08-18,79.22,0.04,21.16
2021-08-19,79.22,0.01,20.01
2021-08-20,79.19,0.01,20.6
2021-08-21,79.27,0.04,19.44
2021-08-22,79.36,0.02,19.64
2021-08-23,79.45,0.01,19.51
2021-08-24,79.52,0.0,21.58
2021-08-25,79.55,0.0,24.86
2021-08-26,79.56,0.0,26.67
2021-08-27,79.54,0.0,26.48
2021-08-28,79.58,0.01,25.78
2021-08-29,79.59,0.65,25.53
2021-08-30,79.59,0.89,23.54
2021-08-31,79.59,0.26,21.13
2021-09-01,79.67,0.15,18.83
2021-09-02,79.81,0.01,19.76
2021-09-03,79.88,0.01,22.0
2021-09-04,79.96,0.0,25.83
2021-09-05,80.02,0.0,26.63
2021-09-06,80.1,0.05,24.37
2021-09-07,80.1,0.01,23.15
2021-09-08,80.1,0.0,24.73
2021-09-09,80.13,0.23,25.68
2021-09-10,80.16,0.11,25.79
2021-09-11,80.15,0.02,26.5
2021-09-12,80.13,0.0,26.0
2021-09-13,80.09,0.0,24.3
2021-09-14,80.07,0.0,21.74
2021-09-15,80.02,0.0,19.8
2021-09-16,79.95,0.01,17.91
2021-09-17,80.0,0.01,18.77
2021-09-18,79.99,0.0,19.07
2021-09-19,79.96,0.0,17.86
2021-09-20,79.94,0.0,21.23
2021-09-21,79.96,0.0,26.15
2021-09-22,79.9,0.0,27.14
2021-09-23,79.86,0.03,23.68
2021-09-24,79.85,1.93,21.22
2021-09-25,79.88,0.2,20.37
2021-09-26,79.89,0.13,18.51
2021-09-27,79.85,0.23,17.23
2021-09-28,79.77,0.05,17.15
2021-09-29,79.73,0.03,18.63
2021-09-30,79.7,0.0,22.54
2021-10-01,79.69,0.0,23.88
2021-10-02,79.67,0.0,24.83
2021-10-03,79.66,0.0,24.79
2021-10-04,79.63,4.2,23.89
2021-10-05,79.61,4.59,19.34
2021-10-06,79.56,0.28,19.07
2021-10-07,79.5,0.8,17.1
2021-10-08,79.42,2.09,16.31
2021-10-09,79.33,0.02,16.17
2021-10-10,79.17,0.0,18.5
2021-10-11,79.0,0.05,15.19
2021-10-12,78.93,0.0,14.33
2021-10-13,78.83,0.0,15.68
2021-10-14,78.77,0.0,17.73
2021-10-15,78.66,0.0,19.31
2021-10-16,78.55,0.0,20.35
2021-10-17,78.51,0.01,17.26
2021-10-18,78.41,0.19,14.37
2021-10-19,78.37,0.0,14.32
2021-10-20,78.39,0.0,16.52
2021-10-21,78.51,0.0,18.04
2021-10-22,78.69,0.06,15.32
2021-10-23,78.91,0.35,14.64
2021-10-24,79.15,0.04,15.5
2021-10-25,79.48,4.23,14.57
2021-10-26,79.79,0.03,14.82
2021-10-27,80.13,0.0,19.3
2021-10-28,80.37,0.0,22.26
2021-10-29,80.52,0.0,21.41
2021-10-30,80.61,0.04,16.77
2021-10-31,80.65,0.02,15.49
2021-11-01,80.65,0.0,16.26
2021-11-02,80.59,0.01,15.7
2021-11-03,80.46,0.01,18.19
2021-11-04,80.33,0.0,19.38
2021-11-05,80.19,0.01,19.59
2021-11-06,80.07,0.01,16.3
2021-11-07,79.94,0.0,14.61
2021-11-08,79.86,0.0,14.43
2021-11-09,79.86,0.01,15.08
2021-11-10,79.83,0.02,18.25
2021-11-11,79.89,0.0,21.75
2021-11-12,79.95,0.0,22.64
2021-11-13,80.02,0.0,21.88
2021-11-14,80.1,0.0,22.36
2021-11-15,80.17,0.0,20.53
2021-11-16,80.19,0.05,15.99
2021-11-17,80.2,0.09,15.33
2021-11-18,80.22,0.0,16.78
2021-11-19,80.2,0.02,15.76
2021-11-20,80.16,0.01,15.05
2021-11-21,80.14,0.0,19.13
2021-11-22,80.05,0.0,18.88
2021-11-23,79.98,0.01,15.22
2021-11-24,79.93,0.02,15.44
2021-11-25,79.9,0.0,14.68
2021-11-26,79.76,0.0,16.61
2021-11-27,79.69,0.0,17.34
2021-11-28,79.6,0.0,18.25
2021-11-29,79.44,0.0,18.48
2021-11-30,79.32,0.0,18.78
2021-12-01,79.22,0.01,18.77
2021-12-02,79.12,0.09,16.22
2021-12-03,79.04,0.01,13.53
2021-12-04,79.01,0.05,13.29
2021-12-05,78.92,0.04,14.7
2021-12-06,78.82,0.06,15.41
2021-12-07,78.67,0.56,12.45
2021-12-08,78.56,0.48,13.99
2021-12-09,78.43,7.16,12.35
2021-12-10,78.41,0.35,10.82
2021-12-11,78.29,0.0,11.06
2021-12-12,78.17,0.01,11.39
2021-12-13,78.1,0.78,11.43
2021-12-14,77.92,27.96,11.31
2021-12-15,77.89,0.21,8.84
2021-12-16,77.77,0.39,9.59
2021-12-17,77.66,0.2,11.39
2021-12-18,77.6,0.0,10.94
2021-12-19,77.54,0.0,11.11
2021-12-20,77.49,0.0,12.29
2021-12-21,77.45,0.0,13.22
2021-12-22,77.38,0.0,14.17
2021-12-23,77.26,10.51,13.87
2021-12-24,77.21,25.86,12.42
2021-12-25,77.17,3.35,10.94
2021-12-26,77.11,2.94,9.99
2021-12-27,77.01,4.33,8.89
2021-12-28,76.92,6.0,9.42
2021-12-29,76.83,2.19,9.78
2021-12-30,76.72,2.11,11.73
2021-12-31,76.61,1.22,11.08
2022-01-01,76.71,0.01,10.01
2022-01-02,76.92,0.0,8.26
2022-01-03,77.1,0.0,9.46
2022-01-04,77.39,0.0,10.86
2022-01-05,77.62,0.0,13.08
2022-01-06,77.81,0.0,14.39
2022-01-07,77.92,0.08,11.77
2022-01-08,77.97,0.09,11.07
2022-01-09,78.08,0.0,12.43
2022-01-10,78.2,0.0,13.16
2022-01-11,78.15,0.0,14.46
2022-01-12,78.08,0.0,13.85
2022-01-13,77.95,0.0,15.57
2022-01-14,77.82,0.03,16.4
2022-01-15,77.71,1.16,13.63
2022-01-16,77.56,0.05,14.85
2022-01-17,77.42,2.33,13.39
2022-01-18,77.29,3.13,12.71
2022-01-19,77.19,0.24,13.35
2022-01-20,77.06,0.0,14.31
2022-01-21,76.87,0.0,12.77
2022-01-22,76.8,0.0,12.39
2022-01-23,76.82,0.0,13.56
2022-01-24,76.76,0.0,13.14
2022-01-25,76.76,0.0,11.4
2022-01-26,76.82,0.0,12.25
2022-01-27,76.9,0.0,12.05
2022-01-28,77.01,0.0,11.82
2022-01-29,77.03,0.0,13.27
2022-01-30,77.09,0.0,12.94
2022-01-31,77.14,0.0,11.95
2022-02-01,77.07,0.01,10.9
2022-02-02,77.13,0.0,10.15
2022-02-03,77.32,0.0,9.36
2022-02-04,77.46,0.0,9.85
2022-02-05,77.46,0.0,11.52
2022-02-06,77.47,0.0,14.16
2022-02-07,77.47,0.0,14.11
2022-02-08,77.38,0.01,15.3
2022-02-09,77.29,0.0,17.31
2022-02-10,77.25,0.0,17.8
2022-02-11,77.18,0.0,19.76
2022-02-12,77.17,0.0,18.78
2022-02-13,77.16,0.0,18.25
2022-02-14,77.03,0.06,15.88
2022-02-15,76.95,3.69,10.42
2022-02-16,76.94,1.16,10.88
2022-02-17,76.9,0.0,11.84
2022-02-18,76.68,0.0,13.48
2022-02-19,76.44,0.01,15.04
2022-02-20,76.29,0.02,12.29
2022-02-21,76.24,0.32,10.15
2022-02-22,76.16,8.34,9.68
2022-02-23,76.15,9.29,8.23
2022-02-24,76.28,0.02,8.62
2022-02-25,76.48,0.01,9.74
2022-02-26,76.78,0.0,10.9
2022-02-27,77.14,0.0,11.81
2022-02-28,77.46,0.0,16.19
2022-03-01,77.81,0.01,18.53
2022-03-02,78.15,0.04,18.78
2022-03-03,78.45,0.96,13.69
2022-03-04,78.77,11.12,11.65
2022-03-05,79.17,4.05,10.22
2022-03-06,79.5,0.56,10.38
2022-03-07,79.82,0.0,11.79
2022-03-08,80.06,0.0,11.99
2022-03-09,80.23,0.01,11.89
2022-03-10,80.28,0.03,11.44
2022-03-11,80.28,0.0,12.16
2022-03-12,80.11,0.02,14.9
2022-03-13,79.97,0.0,12.73
2022-03-14,79.79,0.0,16.47
2022-03-15,79.57,0.0,16.86
2022-03-16,79.48,0.0,14.2
2022-03-17,79.5,0.01,17.49
2022-03-18,79.6,0.02,17.85
2022-03-19,79.73,1.11,13.96
2022-03-20,79.85,4.17,12.9
2022-03-21,80.08,0.14,15.69
2022-03-22,80.23,0.01,19.45
2022-03-23,80.44,0.01,20.13
2022-03-24,80.65,0.0,20.66
2022-03-25,80.83,0.0,19.71
2022-03-26,81.0,0.01,16.95
2022-03-27,81.19,0.09,13.92
2022-03-28,81.41,14.7,13.08
2022-03-29,81.5,4.57,12.7
2022-03-30,81.8,0.57,13.99
2022-03-31,81.88,0.79,11.96
2022-04-01,81.95,0.04,15.28
2022-04-02,81.92,0.07,14.45
2022-04-03,81.85,0.35,13.26
2022-04-04,81.86,0.34,15.64
2022-04-05,81.89,0.0,16.4
2022-04-06,81.92,0.0,21.33
2022-04-07,82.05,0.0,22.36
2022-04-08,82.1,0.0,23.7
2022-04-09,82.17,0.0,18.3
2022-04-10,82.32,0.09,13.63
2022-04-11,82.47,0.65,13.28
2022-04-12,82.61,0.11,12.32
2022-04-13,82.72,0.01,13.36
2022-04-14,82.5,0.0,13.27
2022-04-15,82.33,0.01,13.88
2022-04-16,82.32,0.07,14.23
2022-04-17,82.29,0.03,15.92
2022-04-18,82.24,0.03,15.82
2022-04-19,82.24,0.02,15.62
2022-04-20,82.27,0.02,14.0
2022-04-21,82.33,1.25,14.27
2022-04-22,82.41,2.33,12.94
2022-04-23,82.47,0.03,15.68
2022-04-24,82.37,0.02,19.14
2022-04-25,82.19,0.02,20.67
2022-04-26,82.02,0.0,17.53
2022-04-27,81.92,0.01,13.14
2022-04-28,81.91,0.01,12.96
2022-04-29,81.99,0.0,15.74
2022-04-30,82.11,0.0,17.16
2022-05-01,82.24,0.01,13.75
2022-05-02,82.45,0.01,14.12
2022-05-03,82.55,0.01,14.02
2022-05-04,82.63,0.01,18.55
2022-05-05,82.65,0.0,19.8
2022-05-06,82.5,0.0,18.09
2022-05-07,82.3,0.0,15.78
2022-05-08,82.13,0.0,13.39
2022-05-09,81.92,0.0,12.93
2022-05-10,81.71,0.0,13.81
2022-05-11,81.52,0.0,12.3
2022-05-12,81.36,0.0,17.51
2022-05-13,81.31,0.0,21.75
2022-05-14,81.38,0.0,23.3
2022-05-15,81.49,0.0,20.65
2022-05-16,81.67,0.01,16.39
2022-05-17,81.86,0.02,14.65
2022-05-18,82.09,0.02,17.85
2022-05-19,82.33,0.03,15.94
2022-05-20,82.58,0.06,14.19
2022-05-21,82.91,0.01,15.02
2022-05-22,83.31,0.01,15.26
2022-05-23,83.64,0.0,15.33
2022-05-24,83.9,0.0,19.55
2022-05-25,84.19,0.0,19.62
2022-05-26,84.37,0.0,17.57
2022-05-27,84.39,0.0,15.11
2022-05-28,84.44,0.01,15.06
2022-05-29,84.51,0.0,15.52
2022-05-30,84.63,0.0,16.61
2022-05-31,84.77,0.0,17.1
2022-06-01,84.96,0.0,20.07
2022-06-02,85.16,0.0,18.31
2022-06-03,85.35,0.0,16.7
2022-06-04,85.51,0.0,16.3
2022-06-05,85.67,0.0,17.52
2022-06-06,85.83,0.0,19.24
2022-06-07,86.0,0.01,19.84
2022-06-08,86.23,0.0,20.38
2022-06-09,86.45,0.0,22.36
2022-06-10,86.69,0.0,23.65
2022-06-11,86.84,0.0,23.59
2022-06-12,86.78,0.0,21.01
2022-06-13,86.63,0.0,18.03
2022-06-14,86.4,0.0,19.35
2022-06-15,86.15,0.0,21.27
2022-06-16,85.92,0.0,20.01
2022-06-17,85.84,0.0,16.81
2022-06-18,85.84,0.0,16.28
2022-06-19,85.87,0.0,18.55
2022-06-20,85.94,0.03,23.04
2022-06-21,86.06,0.1,23.3
2022-06-22,86.24,0.02,24.68
2022-06-23,86.43,0.0,25.26
2022-06-24,86.64,0.0,25.29
2022-06-25,86.87,0.0,24.96
2022-06-26,87.13,0.0,24.49
2022-06-27,87.39,0.0,26.94
2022-06-28,87.62,0.05,26.0
2022-06-29,87.84,0.02,24.3
2022-06-30,88.06,0.0,23.42
2022-07-01,88.22,0.0,22.88
2022-07-02,88.28,0.0,20.95
2022-07-03,88.35,0.0,17.84
2022-07-04,88.44,0.0,17.9
2022-07-05,88.52,0.01,19.68
2022-07-06,88.56,0.01,20.68
2022-07-07,88.55,0.0,21.04
2022-07-08,88.51,0.0,21.29
2022-07-09,88.45,0.0,23.48
2022-07-10,88.38,0.0,23.69
2022-07-11,88.33,0.02,21.27
2022-07-12,88.3,0.01,19.84
2022-07-13,88.28,0.0,21.17
2022-07-14,88.24,0.04,22.42
2022-07-15,88.1,0.0,23.82
2022-07-16,87.94,0.0,24.49
2022-07-17,87.9,0.01,23.69
2022-07-18,87.87,0.02,24.2
2022-07-19,87.84,0.0,25.08
2022-07-20,87.81,0.0,24.22
2022-07-21,87.75,0.0,23.93
2022-07-22,87.69,0.06,19.97
2022-07-23,87.69,0.12,21.73
2022-07-24,87.7,0.17,21.34
2022-07-25,87.7,0.11,22.27
2022-07-26,87.75,0.04,22.56
2022-07-27,87.82,0.03,22.84
2022-07-28,87.88,0.0,23.21
2022-07-29,87.96,2.08,23.26
2022-07-30,88.02,0.11,23.47
2022-07-31,88.13,0.12,25.17
2022-08-01,88.18,0.05,25.15
2022-08-02,88.22,0.0,24.89
2022-08-03,88.25,0.0,23.78
2022-08-04,88.32,1.11,23.38
2022-08-05,88.35,0.17,24.7
2022-08-06,88.34,0.07,25.83
2022-08-07,88.37,0.0,26.31
2022-08-08,88.35,1.08,25.48
2022-08-09,88.35,0.11,25.82
2022-08-10,88.36,0.04,26.35
2022-08-11,88.35,0.07,27.21
2022-08-12,88.36,0.08,26.87
2022-08-13,88.42,1.39,26.28
2022-08-14,88.47,0.09,26.02
2022-08-15,88.51,0.15,26.14
2022-08-16,88.57,0.09,26.58
2022-08-17,88.68,0.0,25.65
2022-08-18,88.83,0.0,24.89
2022-08-19,88.85,0.02,24.09
2022-08-20,88.84,0.24,23.33
2022-08-21,88.83,0.32,22.38
2022-08-22,88.78,0.1,22.81
2022-08-23,88.74,0.17,24.78
2022-08-24,88.8,1.17,24.91
2022-08-25,88.91,0.2,24.97
2022-08-26,88.99,0.01,24.68
2022-08-27,89.07,0.05,22.49
2022-08-28,89.16,0.17,21.49
2022-08-29,89.31,0.05,22.62
2022-08-30,89.46,0.0,25.91
2022-08-31,89.58,0.09,29.62
2022-09-01,89.62,0.04,29.47
2022-09-02,89.66,0.01,28.56
2022-09-03,89.75,0.14,30.67
2022-09-04,89.84,0.07,27.59
2022-09-05,89.93,0.05,28.59
2022-09-06,90.06,0.02,28.24
2022-09-07,90.25,0.05,29.43
2022-09-08,90.31,0.04,29.02
2022-09-09,90.38,16.68,24.99
2022-09-10,90.6,1.27,23.2
2022-09-11,90.83,3.74,23.42
2022-09-12,90.97,1.43,22.88
2022-09-13,91.07,0.05,21.89
2022-09-14,91.15,0.0,20.18
2022-09-15,91.19,0.0,19.09
2022-09-16,91.21,0.0,18.74
2022-09-17,91.24,0.02,18.14
2022-09-18,91.32,0.04,17.55
2022-09-19,91.44,0.03,18.27
2022-09-20,91.54,0.02,19.82
2022-09-21,91.63,0.0,19.67
2022-09-22,91.69,0.0,21.7
2022-09-23,91.73,0.0,24.11
2022-09-24,91.78,0.0,24.86
2022-09-25,91.77,0.02,24.69
2022-09-26,91.72,0.0,26.13
2022-09-27,91.7,0.0,26.5
2022-09-28,91.68,0.21,25.47
2022-09-29,91.61,0.07,23.82
2022-09-30,91.52,0.01,20.14
2022-10-01,91.45,0.0,18.6
2022-10-02,91.39,0.01,19.89
2022-10-03,91.3,0.02,20.64
2022-10-04,91.2,0.02,22.11
2022-10-05,91.03,0.04,22.25
2022-10-06,90.74,0.3,21.89
2022-10-07,90.38,0.15,22.63
2022-10-08,90.1,0.1,23.0
2022-10-09,89.89,0.04,22.31
2022-10-10,89.73,0.05,20.62
2022-10-11,89.63,0.48,19.24
2022-10-12,89.55,0.5,19.88
2022-10-13,89.44,0.27,19.52
2022-10-14,89.33,0.68,18.69
2022-10-15,89.29,2.26,17.1
2022-10-16,89.29,0.98,18.81
2022-10-17,89.26,0.08,20.45
2022-10-18,89.27,0.0,23.04
2022-10-19,89.31,0.0,23.85
2022-10-20,89.37,0.0,22.82
2022-10-21,89.44,0.02,20.03
2022-10-22,89.53,1.97,16.23
2022-10-23,89.64,0.82,15.26
2022-10-24,89.86,0.0,16.29
2022-10-25,89.99,0.0,17.25
2022-10-26,90.08,0.03,15.31
2022-10-27,90.24,0.03,16.97
2022-10-28,90.43,0.02,17.32
2022-10-29,90.54,0.01,18.15
2022-10-30,90.61,0.0,19.67
2022-10-31,90.66,0.0,19.55
2022-11-01,90.73,0.1,15.59
2022-11-02,90.81,2.57,13.83
2022-11-03,90.84,1.4,12.14
2022-11-04,90.87,0.0,13.52
2022-11-05,90.76,0.06,14.48
2022-11-06,90.71,0.29,13.64
2022-11-07,90.68,2.48,15.04
2022-11-08,90.53,27.49,15.08
2022-11-09,90.47,5.35,12.17
2022-11-10,90.21,0.0,12.22
2022-11-11,89.9,0.0,12.72
2022-11-12,89.68,0.0,12.66
2022-11-13,89.51,0.01,11.37
2022-11-14,89.39,0.0,12.77
2022-11-15,89.27,0.0,12.85
2022-11-16,89.25,0.0,12.3
2022-11-17,89.18,0.0,13.46
2022-11-18,89.05,0.0,13.23
2022-11-19,89.02,0.0,13.09
2022-11-20,89.04,0.0,13.93
2022-11-21,89.05,0.0,14.09
2022-11-22,89.08,0.0,13.98
2022-11-23,89.17,0.0,14.69
2022-11-24,89.32,0.0,14.55
2022-11-25,89.5,0.0,14.4
2022-11-26,89.58,0.0,14.26
2022-11-27,89.68,0.01,13.45
2022-11-28,89.72,0.09,11.29
2022-11-29,89.81,0.06,11.92
2022-11-30,89.88,0.02,10.22
2022-12-01,89.92,0.11,10.59
2022-12-02,89.95,0.01,13.22
2022-12-03,89.96,0.0,13.66
2022-12-04,89.95,0.05,14.25
2022-12-05,89.91,0.12,12.4
2022-12-06,89.89,0.1,11.57
2022-12-07,89.89,0.03,11.07
2022-12-08,89.88,0.0,10.3
2022-12-09,89.8,0.0,10.51
2022-12-10,89.74,0.03,11.16
2022-12-11,89.61,14.73,10.58
2022-12-12,89.53,7.7,8.0
2022-12-13,89.55,0.6,9.0
2022-12-14,89.56,0.0,9.26
2022-12-15,89.51,0.0,10.26
2022-12-16,89.44,0.0,10.88
2022-12-17,89.36,0.0,9.67
2022-12-18,89.32,0.01,11.39
2022-12-19,89.34,0.0,11.03
2022-12-20,89.27,0.0,11.83
2022-12-21,89.16,0.0,13.54
2022-12-22,89.08,0.0,14.1
2022-12-23,89.03,0.0,14.28
2022-12-24,89.02,0.0,15.29
2022-12-25,88.93,0.0,16.79
2022-12-26,88.83,0.0,17.47
2022-12-27,88.74,3.69,13.15
2022-12-28,88.66,7.71,12.57
2022-12-29,88.65,0.08,11.32
2022-12-30,88.65,0.59,11.69
2022-12-31,88.51,4.83,12.78
2023-01-01,88.37,20.5,11.15
2023-01-02,88.38,1.23,10.51
2023-01-03,88.35,5.48,11.72
2023-01-04,88.29,1.75,13.87
2023-01-05,88.15,7.43,12.11
2023-01-06,87.85,0.1,11.78
2023-01-07,87.51,0.0,12.22
2023-01-08,87.1,0.0,12.98
2023-01-09,86.66,0.12,12.49
2023-01-10,86.3,8.98,12.56
2023-01-11,86.06,0.14,11.41
2023-01-12,85.86,0.0,13.36
2023-01-13,85.62,0.01,12.91
2023-01-14,85.33,33.19,11.85
2023-01-15,85.19,16.97,11.67
2023-01-16,85.05,30.01,11.51
2023-01-17,85.04,3.91,9.48
2023-01-18,85.18,0.09,10.29
2023-01-19,85.24,1.47,9.55
2023-01-20,85.28,0.3,9.93
2023-01-21,85.4,0.0,9.13
2023-01-22,85.36,0.03,9.06
2023-01-23,85.4,0.0,8.33
2023-01-24,85.58,0.0,10.63
2023-01-25,85.61,0.0,11.68
2023-01-26,85.6,0.0,10.35
2023-01-27,85.45,0.0,11.52
2023-01-28,85.42,0.13,9.79
2023-01-29,85.41,2.35,9.85
2023-01-30,85.4,10.63,9.51
2023-01-31,85.42,1.67,8.84
2023-02-01,85.51,0.0,10.33
2023-02-02,85.62,0.04,11.95
2023-02-03,85.64,0.0,13.03
2023-02-04,85.65,0.0,13.83
2023-02-05,85.72,0.13,11.22
2023-02-06,85.76,0.01,11.4
2023-02-07,85.83,0.01,11.78
2023-02-08,85.85,0.0,13.43
2023-02-09,85.83,0.0,14.04
2023-02-10,85.65,0.0,13.13
2023-02-11,85.55,0.05,10.32
2023-02-12,85.49,4.05,9.01
2023-02-13,85.47,0.87,10.09
2023-02-14,85.49,1.71,8.99
2023-02-15,85.5,0.0,7.98
2023-02-16,85.62,0.06,7.95
2023-02-17,85.56,0.0,8.4
2023-02-18,85.58,0.0,11.35
2023-02-19,85.6,0.96,10.46
2023-02-20,85.66,0.09,13.21
2023-02-21,85.59,2.21,11.62
2023-02-22,85.62,2.01,7.78
2023-02-23,85.72,9.57,7.73
2023-02-24,85.67,0.86,9.58
2023-02-25,85.47,19.45,8.61
2023-02-26,85.32,2.31,7.6
2023-02-27,85.01,1.26,8.96
2023-02-28,84.62,3.14,9.33
2023-03-01,84.27,19.95,8.09
2023-03-02,83.96,0.63,8.4
2023-03-03,83.55,0.34,9.52
2023-03-04,83.24,0.09,8.57
2023-03-05,82.92,0.04,9.0
2023-03-06,82.57,0.09,9.57
2023-03-07,82.17,0.01,9.21
2023-03-08,81.58,0.0,8.53
2023-03-09,80.82,0.0,11.9
2023-03-10,79.9,8.58,12.72
2023-03-11,79.16,5.46,13.75
2023-03-12,78.6,0.31,13.6
2023-03-13,78.2,0.02,12.89
2023-03-14,77.92,6.19,12.85
2023-03-15,77.65,22.76,12.34
2023-03-16,77.47,0.19,10.15
2023-03-17,77.28,0.0,12.36
2023-03-18,77.15,0.0,14.66
2023-03-19,77.05,1.87,14.11
2023-03-20,77.0,2.48,12.08
2023-03-21,76.92,29.32,11.57
2023-03-22,77.02,4.01,10.69
2023-03-23,77.16,2.28,9.93
2023-03-24,77.26,0.25,10.71
2023-03-25,77.3,0.01,10.55
2023-03-26,77.31,0.0,10.73
2023-03-27,77.34,0.0,11.76
2023-03-28,77.32,0.02,12.62
2023-03-29,77.25,8.38,9.62
2023-03-30,77.19,6.18,9.49
2023-03-31,77.18,0.45,11.5
2023-04-01,77.12,0.33,12.74
2023-04-02,77.04,0.08,11.78
2023-04-03,76.96,0.15,9.75
2023-04-04,76.97,0.0,8.91
2023-04-05,76.89,0.0,11.78
2023-04-06,76.82,0.0,13.58
2023-04-07,76.74,0.0,13.33
2023-04-08,76.68,0.0,13.66
2023-04-09,76.65,0.0,15.7
2023-04-10,76.63,0.0,16.7
2023-04-11,76.57,0.04,14.15
2023-04-12,76.44,0.72,11.36
2023-04-13,76.4,0.8,10.2
2023-04-14,76.35,0.19,10.96
2023-04-15,76.38,0.03,14.46
2023-04-16,76.35,0.08,12.89
2023-04-17,76.29,0.16,11.53
2023-04-18,76.25,0.12,11.63
2023-04-19,76.26,0.01,12.08
2023-04-20,76.2,0.0,17.23
2023-04-21,76.13,0.0,20.06
2023-04-22,76.08,0.0,19.67
2023-04-23,76.09,0.0,16.3
2023-04-24,76.12,0.01,13.64
2023-04-25,76.12,0.04,14.62
2023-04-26,76.13,0.03,17.93
2023-04-27,76.11,0.0,18.54
2023-04-28,76.11,0.01,17.38
2023-04-29,76.14,0.01,17.14
2023-04-30,76.12,0.22,13.66
2023-05-01,76.07,0.6,11.63
2023-05-02,76.07,0.33,11.83
2023-05-03,76.01,0.32,12.08
2023-05-04,75.96,2.52,12.36
2023-05-05,75.83,0.77,12.61
2023-05-06,75.69,0.01,13.04
2023-05-07,75.51,0.01,13.99
2023-05-08,75.35,0.03,14.28
2023-05-09,75.21,0.3,13.55
2023-05-10,75.1,0.48,12.5
2023-05-11,74.97,0.03,13.95
2023-05-12,74.87,0.0,16.31
2023-05-13,74.78,0.0,17.6
2023-05-14,74.75,0.0,17.35
2023-05-15,74.71,0.01,17.54
2023-05-16,74.61,0.01,18.09
2023-05-17,74.52,0.01,18.64
2023-05-18,74.47,0.04,17.6
2023-05-19,74.47,0.05,17.28
2023-05-20,74.41,0.08,17.45
2023-05-21,74.34,0.02,17.8
2023-05-22,74.26,0.03,16.59
2023-05-23,74.19,0.04,14.48
2023-05-24,74.13,0.02,13.23
2023-05-25,74.1,0.01,13.5
2023-05-26,74.07,0.01,14.14
2023-05-27,74.03,0.01,14.97
2023-05-28,73.99,0.02,14.59
2023-05-29,73.95,0.05,14.36
2023-05-30,73.88,0.12,14.33
2023-05-31,73.79,0.12,13.98
2023-06-01,73.78,0.1,15.42
2023-06-02,73.72,0.04,15.69
2023-06-03,73.66,0.01,16.06
2023-06-04,73.62,0.02,16.01
2023-06-05,73.58,0.04,13.71
2023-06-06,73.56,0.05,14.17
2023-06-07,73.55,0.03,14.53
2023-06-08,73.55,0.02,15.73
2023-06-09,73.49,0.05,16.01
2023-06-10,73.45,0.44,15.26
2023-06-11,73.43,1.45,14.84
2023-06-12,73.46,0.33,15.65
2023-06-13,73.52,0.05,16.53
2023-06-14,73.66,0.04,16.09
2023-06-15,73.89,0.02,16.45
2023-06-16,74.18,0.01,17.63
2023-06-17,74.55,0.0,19.56
2023-06-18,74.88,0.01,17.9
2023-06-19,75.28,0.01,16.26
2023-06-20,75.72,0.0,17.31
2023-06-21,76.12,0.0,17.41
2023-06-22,76.46,0.0,15.28
2023-06-23,76.83,0.01,15.78
2023-06-24,77.22,0.01,16.19
2023-06-25,77.66,0.03,16.26
2023-06-26,78.04,0.02,16.58
2023-06-27,78.4,0.02,17.41
2023-06-28,78.76,0.04,16.27
2023-06-29,79.11,0.03,18.05
2023-06-30,79.42,0.0,21.77
2023-07-01,79.68,0.0,22.88
2023-07-02,79.78,0.0,22.44
2023-07-03,79.71,0.0,22.92
2023-07-04,79.59,0.0,22.07
2023-07-05,79.25,0.0,19.64
2023-07-06,78.76,0.01,17.85
2023-07-07,78.29,0.02,17.06
2023-07-08,77.89,0.02,17.72
2023-07-09,77.44,0.01,18.26
2023-07-10,76.85,0.0,20.42
2023-07-11,76.17,0.0,23.76
2023-07-12,75.46,0.0,24.93
2023-07-13,74.69,0.0,24.66
2023-07-14,73.94,0.01,25.49
2023-07-15,73.2,0.01,26.1
2023-07-16,72.48,0.03,24.51
2023-07-17,71.78,0.0,25.63
2023-07-18,71.09,0.0,25.89
2023-07-19,70.44,0.0,25.38
2023-07-20,69.89,0.0,26.53
2023-07-21,69.52,0.01,25.8
2023-07-22,69.18,0.01,25.98
2023-07-23,68.84,0.02,24.09
2023-07-24,68.41,0.0,25.37
2023-07-25,67.92,0.01,27.2
2023-07-26,67.44,0.0,27.49
2023-07-27,66.96,0.0,26.38
2023-07-28,66.5,0.0,25.62
2023-07-29,66.03,0.04,25.89
2023-07-30,65.57,0.48,24.61
2023-07-31,65.13,0.94,25.7
2023-08-01,64.69,0.33,25.35
2023-08-02,64.24,0.01,24.51
2023-08-03,63.8,0.01,21.7
2023-08-04,63.36,0.0,21.39
2023-08-05,62.98,0.0,23.86
2023-08-06,62.64,0.0,24.21
2023-08-07,62.31,0.0,24.73
2023-08-08,62.02,0.01,23.73
2023-08-09,61.9,0.1,22.27
2023-08-10,61.98,0.28,20.86
2023-08-11,62.18,0.12,21.57
2023-08-12,62.48,0.06,22.72
2023-08-13,62.77,0.05,22.06
2023-08-14,62.88,0.01,23.36
2023-08-15,62.82,0.33,24.76
2023-08-16,62.76,0.3,27.05
2023-08-17,62.82,0.0,26.11
2023-08-18,62.84,0.01,24.71
2023-08-19,62.7,0.94,23.17
2023-08-20,62.45,44.31,21.64
2023-08-21,62.33,0.39,20.52
2023-08-22,62.25,0.04,21.62
2023-08-23,62.17,0.01,22.57
2023-08-24,62.09,0.0,21.42
2023-08-25,62.09,0.0,21.65
2023-08-26,62.12,0.0,23.43
2023-08-27,62.02,0.0,25.76
2023-08-28,61.83,0.0,27.46
2023-08-29,61.59,0.01,28.22
2023-08-30,61.55,0.03,26.11
2023-08-31,61.58,0.04,23.51
2023-09-01,61.59,1.83,22.01
2023-09-02,61.47,0.36,22.23
2023-09-03,61.24,0.03,20.51
2023-09-04,60.95,0.01,19.37
2023-09-05,60.67,0.0,19.49
2023-09-06,60.38,0.0,20.05
2023-09-07,60.09,0.0,21.87
2023-09-08,59.93,0.0,25.55
2023-09-09,59.77,0.0,25.84
2023-09-10,59.59,0.05,24.23
2023-09-11,59.36,0.41,24.26
2023-09-12,59.13,0.0,22.07
2023-09-13,59.0,0.0,18.81
2023-09-14,58.97,0.0,18.68
2023-09-15,59.03,0.01,19.69
2023-09-16,59.12,0.03,19.11
2023-09-17,59.07,0.1,18.85
2023-09-18,58.9,0.02,18.51
2023-09-19,58.65,0.02,18.14
2023-09-20,58.41,0.03,17.72
2023-09-21,58.16,0.04,18.0
2023-09-22,57.94,0.04,17.9
2023-09-23,57.81,0.01,19.61
2023-09-24,57.87,0.02,19.05
2023-09-25,57.99,0.03,19.03
2023-09-26,58.19,0.01,19.94
2023-09-27,58.39,0.07,19.87
2023-09-28,58.62,0.06,17.14
2023-09-29,58.88,0.1,16.4
2023-09-30,59.16,0.85,17.01
2023-10-01,59.44,0.52,15.95
2023-10-02,59.82,0.06,17.1
2023-10-04,60.7,0.0,23.36
2023-10-05,61.16,0.0,25.26
2023-10-06,61.61,0.0,25.64
2023-10-07,61.93,0.0,24.82
2023-10-08,62.18,0.0,24.99
2023-10-09,62.31,0.0,22.79
2023-10-10,62.37,0.11,17.99
2023-10-11,62.45,0.1,17.28
2023-10-12,62.62,0.01,18.96
2023-10-13,62.93,0.0,19.68
2023-10-14,63.32,0.0,21.14
2023-10-15,63.57,0.0,23.2
2023-10-16,63.39,0.0,22.82
2023-10-17,63.04,0.0,21.55
2023-10-18,62.67,0.0,23.5
2023-10-19,62.36,0.0,25.87
2023-10-20,62.18,0.0,24.42
2023-10-21,62.1,0.0,21.49
2023-10-22,62.11,0.09,17.05
2023-10-23,62.16,0.35,16.02
2023-10-24,62.27,0.06,17.57
2023-10-25,62.45,0.03,16.14
2023-10-26,62.62,0.02,16.83
2023-10-27,62.73,0.0,16.02
2023-10-28,62.68,0.0,15.88
2023-10-29,62.49,0.0,16.65
2023-10-30,62.14,0.0,17.14
2023-10-31,61.79,0.0,17.95
2023-11-01,61.54,0.0,18.97
2023-11-02,61.32,0.0,19.96
2023-11-03,61.03,0.0,20.32
2023-11-04,60.72,0.0,20.24
2023-11-05,60.48,0.0,20.31
2023-11-06,60.39,0.0,17.41
2023-11-07,60.44,0.0,15.12
2023-11-08,60.53,0.0,16.13
2023-11-09,60.68,0.0,16.04
2023-11-10,60.87,0.0,17.42
2023-11-11,61.1,0.0,17.7
2023-11-12,61.33,0.01,18.43
2023-11-13,61.61,0.0,17.17
2023-11-14,61.86,0.0,18.93
2023-11-15,62.08,9.1,16.8
2023-11-16,62.35,1.98,16.5
2023-11-17,62.59,0.58,16.11
2023-11-18,62.83,1.41,15.39
2023-11-19,63.08,0.35,14.83
2023-11-20,63.29,0.0,14.8
2023-11-21,63.55,0.0,16.29
2023-11-22,63.67,0.02,17.41
2023-11-23,63.56,0.07,14.35
2023-11-24,63.5,1.24,13.09
2023-11-25,63.47,0.04,13.19
2023-11-26,63.48,0.0,12.67
2023-11-27,63.53,0.0,13.82
2023-11-28,63.67,0.0,14.79
2023-11-29,63.78,1.91,13.31
2023-11-30,63.89,4.37,12.75
2023-12-01,64.04,0.7,12.82
2023-12-02,64.26,0.0,12.39
2023-12-03,64.44,0.0,13.3
2023-12-04,64.59,0.0,14.56
2023-12-05,64.72,0.0,16.88
2023-12-06,64.85,0.01,15.86
2023-12-07,64.99,0.01,12.9
2023-12-08,65.11,0.0,13.56
2023-12-09,65.26,0.0,12.92
2023-12-10,65.43,0.0,14.12
2023-12-11,65.47,0.0,15.0
2023-12-12,65.57,0.0,12.51
2023-12-13,65.74,0.0,12.96
2023-12-14,65.92,0.0,13.95
2023-12-15,66.03,0.0,14.67
2023-12-16,66.12,0.0,15.84
2023-12-17,66.23,0.01,16.24
2023-12-18,66.3,0.01,16.6
2023-12-19,66.37,0.13,15.14
2023-12-20,66.43,1.29,14.75
2023-12-21,66.54,2.0,15.29
2023-12-22,66.56,9.13,14.0
2023-12-23,66.69,0.3,13.34
2023-12-24,66.84,0.07,13.3
2023-12-25,66.93,0.02,12.73
2023-12-26,66.99,0.01,14.04
2023-12-27,67.06,0.11,14.2
2023-12-28,67.14,0.04,13.22
2023-12-29,67.2,0.3,12.89
2023-12-30,67.26,2.77,12.17
2023-12-31,67.32,0.29,12.12
2024-01-01,67.35,0.04,11.87
2024-01-02,67.46,0.05,12.51
2024-01-03,67.48,6.25,11.39
2024-01-04,67.51,0.02,10.75
2024-01-05,67.59,0.01,11.59
2024-01-06,67.65,0.2,11.29
2024-01-07,67.6,1.94,10.05
2024-01-08,67.72,0.0,8.48
2024-01-09,67.81,0.0,9.71
2024-01-10,67.76,0.7,10.2
2024-01-11,67.77,2.3,11.3
2024-01-12,67.89,0.0,10.38
2024-01-13,67.89,0.0,10.85
2024-01-14,67.93,0.1,9.98
2024-01-15,67.97,0.06,11.68
2024-01-16,68.02,0.06,13.21
2024-01-17,68.04,0.32,11.58
2024-01-18,68.09,0.19,13.99
2024-01-19,68.13,0.01,13.89
2024-01-20,68.22,11.41,12.53
2024-01-21,68.32,3.65,12.98
2024-01-22,68.4,44.87,13.57
2024-01-23,68.53,3.26,12.84
2024-01-24,68.76,0.22,12.24
2024-01-25,68.92,0.79,11.96
2024-01-26,69.07,0.0,13.21
2024-01-27,69.19,0.0,14.25
2024-01-28,69.27,0.0,15.88
2024-01-29,69.38,0.0,16.13
2024-01-30,69.46,0.01,16.17
2024-01-31,69.52,0.02,12.92
2024-02-01,69.65,17.26,12.0
2024-02-02,69.77,4.03,11.36
2024-02-03,69.99,0.2,10.81
2024-02-04,70.05,0.16,11.41
2024-02-05,70.05,20.0,12.23
2024-02-06,69.92,18.71,10.29
2024-02-07,69.93,14.23,10.32
2024-02-08,69.98,8.69,9.93
2024-02-09,70.0,3.28,9.75
2024-02-10,69.95,0.11,10.55
2024-02-11,70.0,0.0,10.59
2024-02-12,69.94,0.0,10.44
2024-02-13,69.93,0.0,10.83
2024-02-14,69.94,0.01,11.2
2024-02-15,69.92,0.08,11.92
2024-02-16,69.9,0.09,12.86
2024-02-17,69.86,0.09,11.99
2024-02-18,69.83,0.05,12.95
2024-02-19,69.81,0.25,12.41
2024-02-20,69.78,6.04,13.0
2024-02-21,69.7,9.28,12.38
2024-02-22,69.71,0.29,13.45
2024-02-23,69.61,0.0,15.83
2024-02-24,69.58,0.0,15.81
2024-02-25,69.55,0.01,14.04
2024-02-26,69.48,0.01,12.06
2024-02-27,69.43,0.06,13.06
2024-02-28,69.42,0.07,13.9
2024-02-29,69.4,0.13,12.47
2024-03-01,69.35,0.17,12.3
2024-03-02,69.3,5.99,12.84
2024-03-03,69.28,3.45,11.89
2024-03-04,69.24,0.49,11.59
2024-03-05,69.19,0.02,12.04
2024-03-06,69.06,7.79,12.5
2024-03-07,68.98,4.81,11.74
2024-03-08,69.05,0.1,13.35
2024-03-09,69.0,0.01,14.01
2024-03-10,68.95,0.0,13.57
2024-03-11,68.92,0.03,12.06
2024-03-12,68.87,0.15,12.38
2024-03-13,68.77,0.19,13.48
2024-03-14,68.7,0.3,12.62
2024-03-15,68.7,2.52,10.75
2024-03-16,68.74,0.65,12.2
2024-03-17,68.74,0.08,13.1
2024-03-18,68.69,1.72,15.14
2024-03-19,68.65,0.05,15.42
2024-03-20,68.61,0.12,14.74
2024-03-21,68.6,0.08,14.67
2024-03-22,68.52,0.03,14.3
2024-03-23,68.41,4.63,12.41
2024-03-24,68.33,10.85,10.96
2024-03-25,68.35,0.15,12.0
2024-03-26,68.32,0.13,11.72
2024-03-28,68.13,0.08,12.81
2024-03-29,68.12,0.05,11.83
2024-03-30,68.04,21.6,11.07
2024-03-31,68.04,5.91,11.47
2024-04-01,68.04,1.49,12.46
2024-04-02,68.15,0.01,15.13
2024-04-03,68.1,0.01,16.24
2024-04-04,68.03,1.19,11.71
2024-04-05,68.02,5.98,9.58
2024-04-06,68.08,0.14,11.1
2024-04-07,67.98,0.0,11.45
2024-04-08,67.95,0.0,12.59
2024-04-09,67.96,0.0,16.04
2024-04-10,67.93,0.0,18.39
2024-04-11,67.9,0.01,18.17
2024-04-12,67.92,0.19,12.83
2024-04-13,68.06,2.13,13.13
2024-04-14,68.15,0.49,11.75
2024-04-15,68.17,0.26,13.21
2024-04-16,68.14,0.0,16.99
2024-04-17,68.12,0.0,17.85
2024-04-18,68.09,0.01,14.72
2024-04-19,68.06,0.03,13.48
2024-04-20,68.06,0.01,14.2
2024-04-21,68.01,0.0,17.42
2024-04-22,67.97,0.01,14.29
2024-04-23,67.98,0.03,13.52
2024-04-24,67.98,0.02,13.66
2024-04-25,67.95,0.16,13.49
2024-04-26,67.9,0.23,13.17
2024-04-27,67.91,0.06,13.79
2024-04-28,67.89,0.0,15.46
2024-04-29,67.84,0.0,16.29
2024-04-30,67.82,0.05,15.73
2024-05-01,67.81,0.09,14.83
2024-05-02,67.81,0.08,15.19
2024-05-03,67.79,0.06,14.86
2024-05-04,67.71,0.18,13.95
2024-05-05,67.5,1.72,12.74
2024-05-06,67.16,0.04,14.97
2024-05-07,66.79,0.0,14.76
2024-05-08,66.5,0.01,15.08
2024-05-09,66.51,0.0,15.84
2024-05-10,66.54,0.01,16.28
2024-05-11,66.75,0.0,16.48
2024-05-12,67.13,0.0,16.96
2024-05-13,67.61,0.0,15.75
2024-05-14,68.1,0.0,14.17
2024-05-15,68.62,0.01,13.93
2024-05-16,69.16,0.02,14.72
2024-05-17,69.69,0.02,15.32
2024-05-22,70.08,0.01,14.14
2024-05-23,69.73,0.03,13.99
2024-05-24,69.39,0.01,14.32
2024-05-25,69.14,0.02,14.09
2024-05-26,69.11,0.01,14.46
2024-05-27,69.12,0.0,15.32
2024-05-28,69.35,0.08,14.73
2024-05-29,69.76,0.0,15.7
2024-05-30,70.23,0.0,15.95
2024-05-31,70.78,0.0,15.6
2024-06-01,71.37,0.0,14.52
2024-06-02,71.98,0.51,14.48
2024-06-03,72.55,0.01,16.08
2024-06-04,73.07,0.01,18.93
2024-06-05,73.56,0.0,19.54
2024-06-06,73.96,0.0,18.01
2024-06-07,74.21,0.01,17.1
2024-06-08,74.38,0.01,16.18
2024-06-09,74.58,0.01,15.29
2024-06-10,74.83,0.02,17.23
2024-06-11,75.11,0.02,18.65
2024-06-12,75.45,0.01,17.73
2024-06-13,75.81,0.01,17.82
2024-06-14,76.19,0.01,19.6
2024-06-15,76.44,0.0,22.22
2024-06-16,76.56,0.0,17.16
2024-06-17,76.5,0.0,16.19
2024-06-18,76.4,0.0,17.46
2024-06-19,76.26,0.01,17.32
2024-06-20,76.06,0.04,18.23
2024-06-21,75.86,0.0,21.03
2024-06-22,75.66,0.02,24.37
2024-06-23,75.47,0.01,25.39
2024-06-24,75.24,0.0,24.35
2024-06-25,75.03,0.0,22.31
2024-06-26,74.78,0.0,21.31
2024-06-27,74.52,0.0,21.23
2024-06-28,74.35,0.0,20.37
2024-06-29,74.15,0.0,21.57
2024-06-30,73.83,0.0,24.34
2024-07-01,73.33,0.01,22.65
2024-07-02,72.72,0.0,22.5
2024-07-03,72.1,0.0,25.08
2024-07-04,71.39,0.0,23.88
2024-07-05,70.62,0.0,26.61
2024-07-06,69.91,0.01,25.29
2024-07-07,69.19,0.0,22.54
2024-07-08,68.46,0.0,22.35
2024-07-09,67.77,0.01,25.42
2024-07-10,67.13,0.02,26.49
2024-07-11,66.62,0.04,25.05
2024-07-12,66.17,0.02,23.66
2024-07-13,65.74,0.04,22.6
2024-07-14,65.27,1.4,23.16
2024-07-15,64.74,0.12,23.08
2024-07-16,64.23,0.01,21.58
2024-07-17,63.87,0.01,22.88
2024-07-18,63.68,0.27,23.81
2024-07-19,63.54,0.0,25.91
2024-07-20,63.52,0.0,26.94
2024-07-21,63.58,0.02,25.24
2024-07-22,63.7,0.03,25.45
2024-07-23,63.89,0.04,25.7
2024-07-24,64.17,0.29,26.63
2024-07-25,64.46,0.21,27.75
2024-07-26,64.7,0.0,26.52
2024-07-27,64.95,0.0,23.2
2024-07-28,65.18,0.0,22.04
2024-07-29,65.01,0.0,22.57
2024-07-30,64.67,0.0,22.21
2024-07-31,64.28,0.0,23.69
2024-08-01,63.91,1.02,24.45
2024-08-02,63.57,0.03,25.96
2024-08-03,63.37,0.01,27.39
2024-08-04,63.36,0.03,27.7
2024-08-05,63.42,0.08,28.72
2024-08-06,63.55,0.03,26.41
2024-08-07,63.76,0.1,24.78
2024-08-08,63.97,0.01,24.02
2024-08-09,64.2,0.01,25.09
2024-08-10,64.45,0.04,25.64
2024-08-11,64.71,2.34,25.79
2024-08-12,64.98,0.0,25.45
2024-08-13,65.2,0.0,24.37
2024-08-14,65.3,0.0,24.08
2024-08-15,65.08,0.0,23.7
2024-08-16,64.76,0.0,23.11
2024-08-17,64.37,0.0,21.51
2024-08-18,63.94,0.0,22.16
2024-08-19,63.44,0.0,24.63
2024-08-20,62.96,0.22,27.21
2024-08-21,62.5,0.12,25.08
2024-08-22,62.22,0.1,21.99
2024-08-23,62.16,0.09,19.55
2024-08-24,62.18,0.0,19.02
2024-08-25,62.26,0.0,20.64
2024-08-26,62.17,0.0,21.79
2024-08-27,61.99,0.0,21.41
2024-08-28,61.9,0.0,19.99
2024-08-29,61.84,0.0,19.94
2024-08-30,61.69,0.0,20.76
2024-08-31,61.48,0.0,22.77
2024-09-01,61.43,0.0,24.07
2024-09-02,61.51,0.0,24.6
2024-09-03,61.63,0.0,26.29
2024-09-04,61.86,0.0,28.5
2024-09-05,62.14,0.0,30.79
2024-09-06,62.37,0.0,30.6
2024-09-07,62.56,0.26,30.08
2024-09-08,62.77,0.01,31.65
2024-09-09,63.09,0.0,30.03
2024-09-10,63.42,0.0,27.17
2024-09-11,63.74,0.0,20.27
2024-09-12,64.03,0.0,18.11
2024-09-13,64.35,0.0,18.91
2024-09-14,64.68,0.0,18.95
2024-09-15,64.99,0.0,17.8
2024-09-16,65.27,0.0,17.18
2024-09-17,65.55,0.02,17.05
2024-09-18,65.74,0.07,17.06
2024-09-19,65.85,0.1,17.57
2024-09-20,65.91,0.2,17.56
2024-09-21,66.03,0.1,19.35
2024-09-22,66.19,0.01,21.62
2024-09-23,66.35,0.03,22.99
2024-09-24,66.52,0.0,22.28
2024-09-25,66.71,0.0,19.74
2024-09-26,66.89,0.0,19.56
2024-09-27,67.08,0.0,20.48
2024-09-28,67.26,0.0,20.71
2024-09-29,67.46,0.0,21.5
2024-09-30,67.61,0.0,23.41
2024-10-01,67.77,0.0,25.33
2024-10-02,67.68,0.0,25.84
2024-10-03,67.43,0.01,24.88
2024-10-04,67.18,0.01,24.02
2024-10-05,66.97,0.01,25.93
2024-10-06,66.81,0.0,25.96
2024-10-07,66.69,0.0,25.95
2024-10-08,66.61,0.0,24.76
2024-10-09,66.59,0.0,22.03
2024-10-10,66.58,0.0,22.08
2024-10-11,66.61,0.0,23.34
2024-10-12,66.72,0.01,21.27
2024-10-13,66.86,0.0,17.39
2024-10-14,66.99,0.0,16.09
2024-10-15,67.06,0.0,17.17
2024-10-16,67.08,0.0,16.04
2024-10-17,67.07,0.0,16.26
2024-10-18,67.11,0.0,16.97
2024-10-19,67.25,0.0,19.02
2024-10-20,67.45,0.0,20.94
2024-10-21,67.75,0.0,21.5
2024-10-22,68.07,0.01,22.7
2024-10-23,68.45,0.02,22.53
2024-10-24,68.86,0.0,20.87
2024-10-25,69.28,0.0,20.99
2024-10-26,69.75,0.0,22.1
2024-10-27,70.16,0.02,20.17
2024-10-28,70.56,0.07,16.46
2024-10-29,70.93,0.09,14.24
2024-10-30,71.34,0.0,16.27
2024-10-31,71.73,0.0,15.42
2024-11-01,72.04,0.04,14.78
2024-11-02,72.36,1.38,14.46
2024-11-03,72.71,0.36,14.86
2024-11-04,73.06,0.0,16.05
2024-11-05,73.41,0.0,16.57
2024-11-06,73.64,0.0,15.28
2024-11-07,74.04,0.0,14.59
2024-11-08,74.47,0.0,15.22
2024-11-09,74.81,0.0,16.57
2024-11-10,75.21,0.0,17.0
2024-11-11,75.68,0.01,15.13
2024-11-12,76.1,0.01,15.38
2024-11-13,76.5,0.0,16.94
2024-11-14,76.82,0.08,15.65
2024-11-15,77.06,1.34,11.77
2024-11-16,77.21,0.88,11.22
2024-11-17,77.33,0.21,11.43
2024-11-18,77.36,0.0,12.1
2024-11-19,77.34,0.0,13.56
2024-11-20,77.33,0.0,14.55
2024-11-21,77.2,0.0,17.18
2024-11-22,77.07,0.0,15.24
2024-11-23,76.94,0.35,13.04
2024-11-24,76.85,0.38,13.61
2024-11-25,76.72,0.0,16.27
2024-11-26,76.56,0.06,15.88
2024-11-27,76.4,0.17,15.03
2024-11-28,76.26,0.05,15.43
2024-11-29,76.12,0.0,15.4
2024-11-30,76.0,0.0,16.08
2024-12-01,75.88,0.02,16.33
2024-12-02,75.71,0.0,16.42
2024-12-03,75.59,0.03,14.21
2024-12-04,75.42,0.01,13.56
2024-12-05,75.22,0.01,14.84
2024-12-06,75.07,0.0,17.02
2024-12-07,74.97,0.0,17.98
2024-12-08,74.92,0.0,14.05
2024-12-09,74.93,0.0,13.08
2024-12-10,75.04,0.0,13.79
2024-12-11,75.16,0.0,13.76
2024-12-12,75.27,0.18,12.11
2024-12-13,75.55,0.01,11.71
2024-12-14,75.82,0.0,12.63
2024-12-15,76.06,0.07,12.75
2024-12-16,76.29,0.0,13.78
2024-12-17,76.52,0.0,15.71
2024-12-18,76.72,0.0,17.95
2024-12-19,76.91,0.02,17.29
2024-12-20,77.07,0.0,16.41
2024-12-21,77.2,0.0,14.42
2024-12-22,77.24,0.07,13.71
2024-12-23,77.24,0.09,15.84
2024-12-24,77.2,0.26,13.39
2024-12-25,77.14,0.08,12.01
2024-12-26,77.05,0.0,12.78
2024-12-27,76.96,0.02,12.11
2024-12-28,76.87,0.01,14.2
2024-12-29,76.76,0.0,12.78
2024-12-30,76.58,0.02,12.62
2024-12-31,76.46,0.0,11.96
2025-01-01,76.34,0.0,13.38
2025-01-02,76.08,0.0,15.54
2025-01-03,75.77,0.0,12.96
2025-01-04,75.53,0.02,11.36
2025-01-05,75.35,0.0,15.09
2025-01-06,75.14,0.02,14.73
2025-01-07,75.0,0.06,13.49
2025-01-08,74.92,0.0,12.82
2025-01-09,74.79,0.0,13.81
2025-01-10,74.7,0.0,12.67
2025-01-11,74.49,0.0,12.53
2025-01-12,74.41,0.0,11.68
2025-01-13,74.36,0.0,10.3
2025-01-14,74.28,0.0,10.17
2025-01-15,74.18,0.0,11.3
2025-01-16,74.09,0.0,10.78
2025-01-17,74.01,0.0,9.7
2025-01-18,73.95,0.0,10.91
2025-01-19,73.83,0.0,9.78
2025-01-20,73.79,0.0,11.27
2025-01-21,73.73,0.0,10.71
2025-01-22,73.64,0.0,14.12
2025-01-23,73.56,0.0,13.64
2025-01-24,73.42,0.0,12.33
2025-01-25,73.32,0.74,11.5
2025-01-26,73.31,8.12,10.29
2025-01-27,73.24,4.47,9.16
2025-01-28,73.17,0.49,9.17
2025-01-29,73.12,0.35,10.02
2025-01-30,73.11,0.04,9.31
2025-01-31,73.06,0.0,11.2
2025-02-01,72.99,0.0,13.5
2025-02-02,72.91,0.01,16.64
2025-02-03,72.85,0.0,17.05
2025-02-04,72.85,0.02,11.29
2025-02-05,72.83,0.12,13.16
2025-02-06,72.78,0.64,12.84
2025-02-07,72.77,2.58,12.99
2025-02-08,72.72,0.03,12.26
2025-02-09,72.65,0.01,14.0
2025-02-10,72.62,0.02,9.83
2025-02-11,72.53,0.13,9.29
2025-02-12,72.45,4.76,10.23
2025-02-13,72.38,17.33,12.33
2025-02-14,72.32,4.75,12.21
2025-02-15,72.26,0.08,13.26
2025-02-16,72.13,0.03,15.18
2025-02-17,72.09,0.2,12.96
2025-02-18,72.07,0.26,12.98
2025-02-19,72.0,0.01,15.04
2025-02-20,71.95,0.0,14.51
2025-02-21,71.93,0.0,15.3
2025-02-22,71.94,0.0,16.41
2025-02-23,71.9,0.0,16.88
2025-02-24,71.83,0.0,17.25
2025-02-25,71.74,0.0,17.66
2025-02-26,71.7,0.0,18.23
2025-02-27,71.68,0.0,17.12
2025-02-28,71.64,0.02,14.06
2025-03-01,71.64,0.09,11.65
2025-03-02,71.65,1.94,11.17
2025-03-03,71.65,3.14,10.25
2025-03-04,71.56,0.61,12.31
2025-03-05,71.41,7.67,11.64
2025-03-06,71.34,12.83,9.92
2025-03-07,71.34,2.55,9.35
2025-03-08,71.39,0.06,12.16
2025-03-09,71.33,0.0,14.12
2025-03-10,71.22,0.0,13.89
2025-03-11,71.14,10.25,12.28
2025-03-12,71.17,3.38,12.34
2025-03-13,71.08,21.75,10.11
2025-03-14,71.12,7.21,10.04
2025-03-15,71.15,0.3,11.18
2025-03-16,71.2,0.0,12.93
2025-03-17,71.22,0.04,12.4
2025-03-18,71.28,0.0,11.88
2025-03-19,71.33,0.0,14.99
2025-03-20,71.31,0.0,14.75
2025-03-21,71.3,0.0,15.26
2025-03-22,71.3,0.0,14.11
2025-03-23,71.31,0.02,15.03
2025-03-24,71.33,0.0,19.58
2025-03-25,71.31,0.02,17.25
2025-03-26,71.33,0.17,12.62
2025-03-27,71.31,0.43,13.82
2025-03-28,71.26,0.17,12.83
2025-03-29,71.25,0.05,11.85
2025-03-30,71.27,0.11,13.08
2025-03-31,71.2,3.98,13.69
2025-04-01,71.13,0.7,11.68
2025-04-02,71.06,2.62,10.75
2025-04-03,70.85,2.41,10.54
2025-04-04,70.68,0.12,12.59
2025-04-05,70.54,0.01,15.23
2025-04-06,70.41,0.0,17.28
2025-04-07,70.29,0.0,16.78
2025-04-08,70.21,0.0,17.43
2025-04-09,70.21,0.0,18.52
2025-04-10,70.21,0.0,19.28
2025-04-11,70.2,0.0,19.51
2025-04-12,70.26,0.01,15.61
2025-04-13,70.33,0.01,14.27
2025-04-14,70.45,0.01,13.8
2025-04-15,70.62,0.0,12.85
2025-04-16,70.8,0.19,13.1
2025-04-17,71.03,0.5,13.22
2025-04-18,71.3,0.39,12.59
2025-04-19,71.63,0.01,15.44
2025-04-20,71.95,0.0,16.8
2025-04-21,72.23,0.0,14.98
2025-04-22,72.49,0.0,13.24
2025-04-23,72.73,0.01,13.04
2025-04-24,72.98,0.0,12.92
2025-04-25,73.19,0.1,12.48
2025-04-26,73.37,1.13,12.08
2025-04-27,73.54,0.56,12.39
2025-04-28,73.68,0.28,13.77
2025-04-29,73.75,0.15,15.76
2025-04-30,73.78,0.12,14.53
2025-05-01,73.79,0.08,13.83
2025-05-02,73.82,0.06,15.1
2025-05-03,73.84,0.94,13.69
2025-05-04,73.82,1.97,11.26
2025-05-05,73.87,0.36,12.61
2025-05-06,74.02,0.07,13.47
2025-05-07,74.2,0.03,16.83
2025-05-08,74.4,0.01,19.45
2025-05-09,74.59,0.0,23.07
2025-05-10,74.78,0.0,24.85
2025-05-11,75.0,0.03,22.17
2025-05-12,75.28,0.33,15.13
2025-05-13,75.56,0.53,13.4
2025-05-14,75.83,0.07,15.04
2025-05-15,76.1,0.1,15.76
2025-05-16,76.38,0.03,15.02
2025-05-17,76.67,0.49,13.5
2025-05-18,76.96,0.46,14.74
2025-05-19,77.25,0.04,18.88
2025-05-20,77.52,0.0,21.83
2025-05-21,77.79,0.0,21.41
2025-05-22,78.09,0.0,19.48
2025-05-23,78.36,0.0,16.4
2025-05-24,78.64,0.0,15.2
2025-05-25,78.92,0.02,15.11
2025-05-26,79.18,0.06,16.17
2025-05-27,79.4,0.04,16.36
2025-05-28,79.63,0.03,16.04
2025-05-29,79.85,0.04,17.82
2025-05-30,80.03,0.04,23.34
2025-05-31,80.26,0.63,22.02
2025-06-01,80.43,0.87,19.3
2025-06-02,80.6,0.06,19.28
2025-06-03,80.72,0.88,18.47
2025-06-04,80.76,0.06,18.13
2025-06-05,80.81,0.01,17.42
2025-06-06,80.84,0.02,18.22
2025-06-07,80.87,0.01,17.79
2025-06-08,80.86,0.01,17.7
2025-06-09,80.89,0.0,17.64
2025-06-10,80.93,0.01,19.94
2025-06-11,80.97,0.0,19.75
2025-06-12,81.01,0.0,16.68
2025-06-13,81.06,0.0,18.1
2025-06-14,81.13,0.0,19.75
2025-06-15,81.23,0.01,22.72
2025-06-16,81.35,0.0,22.5
2025-06-17,81.46,0.0,22.5
2025-06-18,81.58,0.0,21.89
2025-06-19,81.74,0.0,19.09
2025-06-20,81.9,0.02,17.0
2025-06-21,82.05,0.02,15.44
2025-06-22,82.17,0.02,18.32
2025-06-23,82.25,0.02,16.54
2025-06-24,82.31,0.02,16.84
2025-06-25,82.32,0.05,18.74
2025-06-26,82.32,0.04,20.08
2025-06-27,82.33,0.02,20.93
2025-06-28,82.33,0.0,23.48
2025-06-29,82.3,0.0,23.83
2025-06-30,82.29,0.04,22.24
2025-07-01,82.29,0.11,20.47
2025-07-02,82.3,0.16,18.49
2025-07-03,82.35,0.29,18.92
2025-07-04,82.44,0.08,20.51
2025-07-05,82.56,0.02,21.56
2025-07-06,82.63,0.06,20.5
2025-07-07,82.73,0.1,20.5
2025-07-08,82.86,0.01,22.94
2025-07-09,82.98,0.01,24.52
2025-07-10,83.07,0.0,24.12
2025-07-11,83.15,0.02,20.25
2025-07-12,83.24,0.02,19.41
2025-07-13,83.35,0.01,20.91
2025-07-14,83.46,0.03,20.85
2025-07-15,83.58,0.04,19.6
2025-07-16,83.71,0.06,20.41
2025-07-17,83.85,0.04,21.32
2025-07-18,83.99,0.14,21.39
2025-07-19,84.13,0.06,20.15
2025-07-20,84.19,0.05,19.54
2025-07-21,84.22,0.03,17.89
2025-07-22,84.26,0.03,18.42
2025-07-23,84.33,0.01,20.22
2025-07-24,84.39,0.0,20.34
2025-07-25,84.45,0.03,18.37
2025-07-26,84.5,0.02,18.31
2025-07-27,84.56,0.03,18.4
2025-07-28,84.67,0.08,18.53
2025-07-29,84.77,0.03,19.75
2025-07-30,84.86,0.0,21.7
2025-07-31,84.95,0.0,21.85
2025-08-01,85.05,0.02,21.1
2025-08-02,85.12,0.01,21.24
2025-08-03,85.15,0.01,22.26
2025-08-04,85.17,0.03,20.69
2025-08-05,85.2,0.04,22.41
2025-08-06,85.17,0.01,24.51
2025-08-07,85.06,0.03,27.0
2025-08-08,84.98,0.06,25.36
2025-08-09,84.88,0.08,24.13
2025-08-10,84.82,0.16,23.65
2025-08-11,84.72,0.02,22.8
2025-08-12,84.63,0.03,22.04
2025-08-13,84.54,0.04,19.78
2025-08-14,84.45,0.02,19.98
2025-08-15,84.38,0.02,17.96
2025-08-16,84.28,0.02,18.69
2025-08-17,84.15,0.0,19.63
2025-08-18,84.05,0.02,21.38
2025-08-19,83.95,0.01,22.76
2025-08-20,83.82,0.05,24.91
2025-08-21,83.7,0.29,26.76
2025-08-22,83.63,0.06,26.15
2025-08-23,83.55,0.2,26.35
2025-08-24,83.47,1.12,25.47
2025-08-25,83.41,2.52,25.22
2025-08-26,83.36,0.19,23.73
2025-08-27,83.3,0.26,24.7
2025-08-28,83.21,6.39,24.67
2025-08-29,83.14,0.03,25.17
2025-08-30,83.02,0.0,25.38
2025-08-31,82.94,0.01,26.36
2025-09-01,82.86,0.14,26.07
2025-09-02,82.78,1.15,25.8
2025-09-03,82.71,0.07,26.59
2025-09-04,82.61,1.03,25.34
2025-09-05,82.55,0.02,24.53
2025-09-06,82.54,0.0,25.28
2025-09-07,82.5,0.14,24.93
2025-09-08,82.39,0.0,23.56
2025-09-09,82.25,0.01,19.75
2025-09-10,82.13,0.02,18.77
2025-09-11,81.94,0.02,19.35
2025-09-12,81.72,0.06,18.86
2025-09-13,81.46,0.13,19.87
2025-09-14,81.21,0.07,20.92
2025-09-15,80.96,0.0,23.37
2025-09-16,80.7,0.01,25.44
2025-09-17,80.45,25.34,23.79
2025-09-18,80.19,11.48,22.69
2025-09-19,79.97,1.13,21.73
2025-09-20,79.73,0.15,21.99
2025-09-21,79.46,46.56,21.43
2025-09-22,79.22,3.64,22.04
2025-09-23,79.02,0.01,23.4
2025-09-24,78.83,0.0,21.47
2025-09-25,78.57,0.05,19.51
2025-09-26,78.31,0.31,18.2
2025-09-27,78.09,0.94,19.02
2025-09-28,77.9,0.1,19.69
2025-09-29,77.66,0.01,19.3
2025-09-30,77.48,0.01,17.8
2025-10-01,77.28,0.0,18.92
2025-10-02,77.08,0.0,18.25
2025-10-03,76.88,0.0,17.79
2025-10-04,76.61,0.0,18.0
2025-10-05,76.39,0.0,18.24
2025-10-06,76.18,0.0,18.61
2025-10-07,75.95,0.07,19.2
2025-10-08,75.67,0.29,18.32
2025-10-09,75.35,0.42,20.62
2025-10-10,75.05,0.31,23.38
2025-10-11,74.81,0.11,19.9
2025-10-12,74.6,0.34,17.35
2025-10-13,74.44,0.72,15.43
2025-10-14,74.33,9.88,15.93
2025-10-15,74.22,0.61,14.92
2025-10-16,74.07,0.01,17.05
2025-10-17,73.99,0.05,19.33
2025-10-18,73.95,0.0,20.79
2025-10-19,73.91,0.0,19.47
2025-10-20,73.87,0.0,20.79
2025-10-21,73.82,0.02,19.63
2025-10-22,73.8,0.04,16.79
2025-10-23,73.77,0.01,17.3
2025-10-24,73.74,0.01,18.84
2025-10-25,73.74,0.02,17.39
2025-10-26,73.72,0.01,15.72
2025-10-27,73.67,0.01,16.89
2025-10-28,73.64,0.03,21.72
2025-10-29,73.58,0.0,23.01
2025-10-30,73.55,0.0,21.86
2025-10-31,73.52,0.0,18.06
2025-11-01,73.5,0.01,19.46
2025-11-02,73.47,0.0,19.3
2025-11-03,73.44,0.01,17.48
2025-11-04,73.41,0.01,16.73
2025-11-05,73.41,0.02,14.5
2025-11-06,73.3,0.02,15.84
2025-11-07,73.14,0.01,18.58
2025-11-08,73.01,0.0,19.83
2025-11-09,72.89,0.0,20.87
2025-11-10,72.73,0.0,22.05
2025-11-11,72.52,0.0,21.56
2025-11-12,72.2,0.0,19.5
2025-11-13,71.82,0.13,19.01
2025-11-14,71.5,3.12,17.32
2025-11-15,71.23,25.9,15.56
2025-11-16,71.0,2.91,14.13
2025-11-17,70.77,8.06,14.68
2025-11-18,70.62,5.36,12.06
2025-11-19,70.53,0.24,12.3
2025-11-20,70.36,6.72,12.82
2025-11-21,70.25,3.12,12.98
2025-11-22,70.16,2.88,12.31
2025-11-23,70.16,0.05,14.75
2025-11-24,70.12,0.01,14.91
2025-11-25,70.03,0.0,16.43
2025-11-26,69.97,0.0,16.99
2025-11-27,69.93,0.01,17.21
2025-11-28,69.88,0.0,15.22
2025-11-29,69.85,0.0,13.3
2025-11-30,69.81,0.01,12.52
2025-12-01,69.78,0.0,13.03
2025-12-02,69.74,0.04,12.94
2025-12-03,69.69,0.05,13.69
2025-12-04,69.7,0.0,13.52
2025-12-05,69.66,0.0,13.43
2025-12-06,69.59,0.0,14.96
2025-12-07,69.57,0.0,15.73
2025-12-08,69.51,0.0,16.86
2025-12-09,69.44,0.0,17.42
2025-12-10,69.4,0.0,18.47
2025-12-11,69.39,0.0,19.08
2025-12-12,69.37,0.0,18.52
2025-12-13,69.37,0.0,17.02
2025-12-14,69.36,0.0,16.34
2025-12-15,69.37,0.0,16.3
2025-12-16,69.32,0.0,17.88
2025-12-17,69.3,0.0,15.8
2025-12-18,69.23,0.0,18.92
2025-12-19,69.24,0.0,16.66
2025-12-20,69.25,0.01,12.45
2025-12-21,69.24,0.0,15.02
2025-12-22,69.19,0.03,16.11
2025-12-23,69.18,3.29,13.67
2025-12-24,69.12,11.38,16.4
2025-12-25,69.17,0.92,14.51
2025-12-26,69.12,3.54,13.37
2025-12-27,69.11,0.52,11.83
2025-12-28,69.12,0.0,11.8
2025-12-29,69.09,0.0,13.3
2025-12-30,69.04,0.16,16.74
2025-12-31,69.0,14.94,15.31
